매물명,분류,매물번호,방향,해당층,총층,방수,욕실수,총주차대수,총세대수,준공년월
기타 미사아름채,빌라/연립,2060331947,남동,14,16,1,1,72,131,2020.02.
빌라,빌라/연립,2060335704,동,6,6,3,3,11,-,2019.08.
둔촌푸르지오 107동,아파트,2060737855,남,9,16,3,2,2010.03.
고덕숲아이파크 108동,아파트,2060736496,남서,6,25,3,2,2018.03.
고덕롯데캐슬베네루체 719동,아파트,2060560878,남,4,17,3,2,2019.12.
,,,,,,
둔촌푸르지오 101동,아파트,2060509428,남동,6,24,3,2,2010.03.
고덕아르테온 328동,아파트,2060376286,동,5,22,3,2,2020.02.
둔촌푸르지오 103동,아파트,2060492273,남,18,23,3,2,2010.03.
고덕숲아이파크 104동,아파트,2060766113,남,5,15,3,2,2018.03.
고덕숲아이파크 108동,아파트,2060766271,남동,3,25,3,2,2018.03.
,,,,,,
SK허브진 1동,주상복합,2060779449,남서,4,15,1,1,2004.10.
다성이즈빌(169-9) 1동,오피스텔,2060781885,북동,10,10,1,1,2016.09.
,,,,,,
강일리버파크3단지 301동,아파트,2060773610,남,1,14,3,2,2009.03.
,,,,,,
,,,,,,
강일리버파크3단지 305동,아파트,2060806497,남서,10,13,3,2,2009.03.
,,,,,,
래미안강동팰리스 103동,주상복합,2060749572,-,31,45,3,2,2017.07.
,,,,,,
빌라 유진빌라트,빌라/연립,2060604294,남,4,5,3,1,6,8,2003.03.
한빛 103동,주상복합,2060307795,남,11,15,3,2,2001.10.
래미안솔베뉴 102동,아파트,2060739946,남,2,35,3,2,2019.06.
둔촌푸르지오 101동,아파트,2060749367,남,2,24,3,2,2010.03.
고덕리엔파크1단지 104동,아파트,2060756200,남,10,15,4,2,2011.01.
코오롱2차 101동,아파트,2060503818,서,15,18,3,2,2002.12.
,,,,,,
,,,,,,
래미안강동팰리스 102동,주상복합,2060750260,-,42,44,3,1,2017.07.
둔촌역청구 101동,아파트,2060730836,동,1,19,3,1,1999.03.
래미안강동팰리스 103동,주상복합,2060737822,남서,25,45,3,2,2017.07.
동남드림빌 1동,주상복합,2060631699,-,7,11,3,2,2006.07.
래미안강동팰리스 103동,주상복합,2060753194,남,18,45,3,2,2017.07.
청호뜨레피움퍼스트 1동,아파트,2060551281,-,4,9,3,1,2016.12.
,,,,,,
,,,,,,
,,,,,,
빌라,빌라/연립,2060794972,-,5,5,3,2,6,6,2008.09.
고덕래미안힐스테이트 122동,아파트,2060756534,-,23,25,3,2,2016.12.
고덕그라시움 125동,아파트,2060599818,남,23,29,3,2,2019.09.
고덕센트럴아이파크 503동,아파트,2060617637,남,12,29,3,2,2019.12.
래미안강동팰리스 102동,주상복합,2060574985,남서,29,44,3,2,2017.07.
고덕아르테온 311동,아파트,2060769184,남동,13,15,3,2,2020.02.
고덕센트럴아이파크 512동,아파트,2060558985,남서,14,28,3,2,2019.12.
빌라 에이플러스빌,빌라/연립,2060772726,-,4,5,2,1,8,12,2012.11.
강일리버파크7단지 710동,아파트,2060552441,남,5,14,3,2,2009.06.
빌라 스위트빌 5차,빌라/연립,2060750625,-,5,5,2,1,6,-,2002.06.
하이브 1동,오피스텔,2060641232,남,4,5,1,1,2013.02.
고덕그라시움 141동,아파트,2060573732,남서,9,18,3,2,2019.09.
,,,,,,
강일리버파크3단지 301동,아파트,2060774046,남,12,14,2,1,2009.03.
,,,,,,
,,,,,,
상가주택,상가주택,2060730025,서,,,3,-,1977.01.
,,,,,,
다가구,단독/다가구,2060780309,-,,,-,8,
,,,,,,
둔촌푸르지오 103동,아파트,2060557667,동,9,23,4,2,2010.03.
고덕센트럴아이파크 512동,아파트,2060517546,남서,22,28,3,2,2019.12.
강일리버파크7단지 707동,아파트,2060538641,-,4,13,3,2,2009.06.
빌라 모던아트빌,빌라/연립,2060514102,남,4,5,2,1,7,7,2003.01.
고덕그라시움 141동,아파트,2060547500,남,13,18,3,2,2019.09.
삼익그린11차 701동,아파트,2060543588,동,5,15,3,1,1986.06.
고덕그라시움 143동,아파트,2060533438,남서,15,21,3,2,2019.09.
강일리버파크7단지 708동,아파트,2060530691,-,4,15,3,2,2009.06.
고덕그라시움 110동,아파트,2060548827,남동,24,27,3,2,2019.09.
고려 C동,아파트,2060546525,남,2,6,3,2,2000.06.
강일포디움 1동,오피스텔,2060546212,-,8,10,1,1,2016.03.
,,,,,,
골드빌4차 1동,주상복합,2060549447,남서,12,12,3,2,2004.04.
강일리버파크9단지 910동,아파트,2060528218,-,9,15,3,2,2009.04.
,,,,,,
고덕센트럴아이파크 512동,아파트,2060511631,남동,28,28,4,2,2019.12.
강일리버파크6단지 603동,아파트,2060532040,-,5,15,3,2,2009.03.
,,,,,,
강일리버파크7단지 711동,아파트,2060548821,남,6,15,3,2,2009.06.
현대코아(천호아이파크) 1동,주상복합,2060535259,남,18,25,3,2,1999.02.
고덕아르테온 303동,아파트,2060551963,남동,15,31,3,2,2020.02.
둔촌푸르지오 105동,아파트,2060013682,남,16,23,4,2,2010.03.
프라자 3동,아파트,2060500642,동,11,15,4,2,1984.12.
빌라 성우스타팰리스,빌라/연립,2058773901,남,4,7,3,1,12,15,2019.12.
고덕아르테온 318동,아파트,2060508096,남,7,15,3,2,2020.02.
빌라,빌라/연립,2058817251,-,4,7,2,1,24,-,2019.12.
영풍마드레빌 1동,아파트,2059939987,남,9,14,3,2,2002.07.
고덕숲아이파크 105동,아파트,2060505716,남,7,16,3,2,2018.03.
,,,,,,
래미안솔베뉴 112동,아파트,2060501762,남,17,24,3,2,2019.06.
포레스 B동,주상복합,2060055940,남동,3,7,3,2,2003.08.
연립 신형빌라A,빌라/연립,2060383532,남동,-1,4,3,1,5,10,1992.01.
천호네스빌 1동,주상복합,2060129208,동,5,7,1,1,2003.03.
길동청광플러스원큐브1차 1동,오피스텔,2060606931,동,4,5,1,1,2012.11.
길동청광플러스원큐브1차 1동,오피스텔,2060608040,동,5,5,1,1,2012.11.
둔촌하이츠 1동,아파트,2060624377,동,13,20,3,2,1998.05.
강일리버파크7단지 709동,아파트,2060618995,남서,11,15,3,2,2009.06.
일반상가,상가점포,2060642439,-1,3,1,1984.01.
빌라 금성빌리지,빌라/연립,2060632633,서,2,5,3,1,8,-,2003.03.
빌라,빌라/연립,2060644858,-,3,6,2,,1,-,2017.08.
빌라 다성월드타운비동,빌라/연립,2060623156,남동,4,4,3,2,13,12,1998.05.
빌라,빌라/연립,2060587564,남동,5,6,3,2,10,13,2015.11.
빌라 청조크린빌B,빌라/연립,2060522646,-,6,6,2,1,1,-,2016.04.
삼익맨션(삼익가든) 5동,아파트,2060574131,남,4,10,5,2,1984.11.
래미안솔베뉴 107동,아파트,2060521567,-,34,35,3,2,2019.06.
빌라,빌라/연립,2060591850,-,4,6,3,2,1,-,2016.01.
천호e-편한세상 101동,아파트,2060539236,남서,3,13,3,2,2005.10.
고덕주공9단지 901동,아파트,2060393090,남,13,15,3,1,1985.11.
빌라 동원하이츠빌라,빌라/연립,2060526097,남,-1,4,3,1,4,10,1992.11.
빌라,빌라/연립,2060501097,-,5,6,3,2,8,10,2015.04.
빌라,빌라/연립,2060506586,-,3,6,2,1,10,18,2019.02.
빌라 청조크린빌,빌라/연립,2060537763,남서,6,6,2,1,8,10,2016.04.
빌라 현진빌리지,빌라/연립,2060576498,서,3,5,2,1,8,16,2012.12.
빌라,빌라/연립,2060547357,남,1,2,2,1,-,6,1986.09.
빌라 런던빌,빌라/연립,2060501504,동,3,6,2,1,7,13,2016.06.
단독,단독/다가구,2060505319,남,5,2,2,3,1979.11.
빌라,빌라/연립,2060553836,북,6,6,3,2,12,15,2014.11.
빌라,빌라/연립,2060590158,-,4,6,3,2,1,-,
빌라,빌라/연립,2060501580,-,3,6,2,1,1,-,2019.02.
래미안솔베뉴 101동,아파트,2060589284,남동,22,35,3,2,2019.06.
빌라 한강그린빌,빌라/연립,2060502366,-,4,5,2,1,8,16,2012.05.
고덕리엔파크3단지 338동,아파트,2060282314,남,6,12,3,2,2011.01.
강일타워 1동,오피스텔,2060284295,동,6,10,1,1,2011.06.
빌라 디아트,빌라/연립,2058534400,남동,6,6,3,2,9,15,2020.01.
둔촌푸르지오 106동,아파트,2059890464,남,12,25,3,2,2010.03.
고덕아르테온 328동,아파트,2060362942,남,12,22,3,2,2020.02.
고덕아르테온 307동,아파트,2060352305,동,18,22,3,2,2020.02.
둔촌푸르지오 103동,아파트,2059794518,남,11,23,3,2,2010.03.
트리피움 1동,오피스텔,2060278645,-,4,10,1,1,2015.11.
청호뜨레피움퍼스트 1동,아파트,2060341339,동,2,9,3,1,2016.12.
빌라 예건네스빌,빌라/연립,2060133751,남,3,5,3,2,8,20,2002.07.
둔촌푸르지오 105동,아파트,2059848495,남,15,23,4,2,2010.03.
고덕리엔파크3단지 321동,아파트,2060351415,-,6,17,3,2,2011.01.
고덕리엔파크3단지 323동,아파트,2060320657,남,8,15,3,2,2011.01.
거산유팰리스 1동,오피스텔,2059864056,-,중,17,1,1,2020.07.
빌라 코다홈즈빌,빌라/연립,2060367932,-,5,5,2,1,4,8,2016.08.
빌라,빌라/연립,2060397450,남,1,4,3,2,4,6,2002.11.
빌라 아뜨리에빌B,빌라/연립,2060398656,동,5,5,3,2,8,8,2009.08.
강일포디움 1동,오피스텔,2060380359,-,5,10,1,1,2016.03.
강일리버파크7단지 711동,아파트,2060382369,남,14,15,3,2,2009.06.
빌라,빌라/연립,2060375750,서,3,6,1,1,14,20,2014.04.
고덕센트럴아이파크 507동,아파트,2060362044,남,14,26,3,2,2019.12.
상가주택,상가주택,2060361369,-,,,2,4,1992.02.
빌라,빌라/연립,2060335553,북서,6,6,2,1,10,10,2016.04.
고덕그라시움 149동,아파트,2060151493,남서,9,25,3,2,2019.09.
빌라 미르빌,빌라/연립,2060343569,남,3,5,3,2,8,8,2003.10.
빌라 이움하우스,빌라/연립,2060276395,-,2,6,3,1,10,-,2015.01.
빌라 파크빌,빌라/연립,2060327659,남,5,5,3,1,6,-,2001.01.
한강현대 103동,아파트,2060264673,남,3,17,4,2,1999.05.
명일LG 101동,아파트,2060115237,남동,7,23,3,2,1999.12.
빌라 조은빌,빌라/연립,2060339070,남,6,6,2,1,1,20,2014.04.
빌라,빌라/연립,2060319355,-,2,5,2,1,6,8,2003.11.
빌라 명성하이츠빌라,빌라/연립,2060170525,남,3,4,3,1,4,9,1991.07.
단지내상가,상가점포,2060362046,1,15,1,2006.11.
빌라,빌라/연립,2060349958,남서,6,6,2,1,10,10,2016.04.
고덕센트럴아이파크 514동,아파트,2060340258,남동,7,29,3,2,2019.12.
더존예가(167-120) 1동,오피스텔,2060330830,-,3,5,1,1,2016.09.
빌라,빌라/연립,2060293374,동,4,6,2,1,10,14,2015.11.
빌라 조은빌,빌라/연립,2060336993,남,4,5,2,1,9,11,2012.09.
고덕그라시움 126동,아파트,2060104281,남,1,21,3,2,2019.09.
빌라 제이빌더스,빌라/연립,2060336758,남,6,6,3,2,1,106,2016.10.
트리피움 1동,오피스텔,2060083930,-,7,10,1,1,2015.11.
,,,,,,
래미안솔베뉴 103동,아파트,2060049579,남,10,32,3,2,2019.06.
힐스테이트암사 103동,아파트,2059797774,남,14,26,3,2,2019.11.
단지내상가 힐스테이트암사,상가점포,2059906669,1,2,1,2019.11.
연립,빌라/연립,2059643270,동,5,5,3,2,13,-,1997.01.
빌라,빌라/연립,2058242419,남,7,16,1,1,72,131,2020.01.
빌라,빌라/연립,2058342489,동,2,6,3,2,19,-,2019.12.
삼익그린맨션2차 606동,아파트,2060050441,남,14,15,3,1,1983.12.
둔촌푸르지오 104동,아파트,2060060874,동,16,21,3,2,2010.03.
고덕리엔파크3단지 321동,아파트,2060000613,남동,17,17,3,2,2011.01.
강일리버파크3단지 302동,아파트,2060049583,남,3,11,3,2,2009.03.
강일리버파크10단지 1009동,아파트,2060063432,남,8,15,4,2,2009.04.
빌라,빌라/연립,2058061612,동,5,7,3,2,15,15,2020.05.
강일포디움 1동,오피스텔,2060061455,남,9,10,1,1,2016.03.
강일포디움 1동,오피스텔,2060049637,-,3,10,1,1,2016.03.
강일포디움 1동,오피스텔,2060062291,남,9,10,1,1,2016.03.
정암하이빌 1동,오피스텔,2060059660,-,9,11,1,1,2003.12.
빌라 신안아트빌,빌라/연립,2060165035,남,2,5,3,1,6,8,2014.10.
상가주택,상가주택,2060169665,남,4,2,4,2,2006.12.
빌라 명문아이빌,빌라/연립,2060063377,북,4,6,3,2,12,12,2017.01.
고덕롯데캐슬베네루체 719동,아파트,2060120685,남,1,17,3,2,2019.12.
빌라 신안아트빌,빌라/연립,2060101709,-,3,5,2,1,6,-,2007.01.
고덕리엔파크1단지 104동,아파트,2060064638,남,10,15,4,2,2011.01.
SK허브진 1동,주상복합,2059935123,남동,9,15,1,1,2004.10.
빌라 성운빌리지,빌라/연립,2060046666,남,1,4,3,1,4,-,1992.07.
빌라 삼성크로스빌리지,빌라/연립,2060028226,남,4,5,1,1,8,12,2002.04.
래미안솔베뉴 113동,아파트,2059927215,남,저,35,3,2,2019.06.
빌라 해성빌라,빌라/연립,2060111796,-,2,6,3,1,12,15,2016.06.
빌라 YH빌리지,빌라/연립,2060132104,남동,7,7,3,2,1,-,2017.01.
강일리버파크10단지 1003동,아파트,2060063818,-,11,13,3,2,2009.04.
빌라,빌라/연립,2060127038,남동,3,6,2,1,10,15,2017.06.
청광노블하임 1동,오피스텔,2060035947,-,11,15,1,1,2004.02.
현대웰하임1단지(도시형) 101동,아파트,2060021055,남,15,15,1,1,2012.04.
삼성광나루 104동,아파트,2060103794,서,1,26,4,2,2002.11.
빌라,빌라/연립,2060066163,동,2,6,3,2,9,9,2016.04.
빌라,빌라/연립,2060067925,-,4,6,3,2,10,10,2016.04.
단지내상가,상가점포,2060091064,1,3,20,
단독,단독/다가구,2060047093,동,12,6,-,7,1988.01.
다성이즈빌(167-153) 1동,오피스텔,2059916585,-,7,7,1,1,2017.08.
,,,,,,
다성이즈빌(169-9) 1동,오피스텔,2059904432,-,5,10,1,1,2016.09.
명일LG 101동,아파트,2059844927,남동,12,23,3,2,1999.12.
빌라 초동빌라,빌라/연립,2059666848,-,1,2,,,-,-,
강일리버파크8단지 809동,아파트,2059801764,남,4,8,3,2,2009.03.
빌라,빌라/연립,2058056507,남,4,7,3,2,15,-,2020.01.
빌라,빌라/연립,2059915362,남,2,5,3,2,14,16,
둔촌푸르지오 103동,아파트,2059793437,동,20,23,4,2,2010.03.
고덕리엔파크1단지 104동,아파트,2059828527,남,14,15,4,2,2011.01.
고덕리엔파크3단지 327동,아파트,2059883604,남서,8,20,3,2,2011.01.
현대1차 10동,아파트,2059837912,남,9,14,3,1,1984.11.
고덕그라시움 131동,아파트,2059682503,남,8,13,3,2,2019.09.
빌라,빌라/연립,2058058409,서,6,7,3,2,15,15,2020.05.
명일LG 101동,아파트,2059866694,남,2,23,3,2,1999.12.
세종 1동,오피스텔,2059855588,서,5,10,1,1,1997.08.
둔촌푸르지오 104동,아파트,2059865789,동,5,21,3,2,2010.03.
거산유팰리스 1동,오피스텔,2057435021,서,7,17,1,1,2020.07.
고덕그라시움 124동,아파트,2060793305,남동,중,29,3,2,2019.09.
고덕그라시움 123동,아파트,2060799829,남동,고,24,3,2,2019.09.
대우한강베네시티 101동,오피스텔,2060761430,남동,중,8,1,1,2007.03.
빌라 암사하이빌,빌라/연립,2059845840,남동,3,4,3,1,8,12,2002.04.
래미안강동팰리스 103동,주상복합,2059895636,남동,45,45,4,2,2017.07.
상가주택,상가주택,2059832080,-,,,-,-,
,,,,,,
,,,,,,
고덕숲아이파크 102동,아파트,2059690253,-,21,25,3,2,2018.03.
빌라 우주아트빌,빌라/연립,2059795093,남,4,5,3,2,8,8,2001.01.
서희스타힐스 1동,오피스텔,2059640809,-,16,17,1,1,2012.08.
고덕롯데캐슬베네루체 702동,아파트,2059911354,남,2,14,3,2,2019.12.
강일리버파크4단지 407동,아파트,2059576326,남,4,13,3,2,2009.03.
빌라,빌라/연립,2059853155,북,3,6,3,2,1,-,2019.06.
명일현대 102동,아파트,2059792002,-,6,15,2,1,1988.10.
강동시가오똠 비동,아파트,2059847541,남,5,7,3,2,2004.05.
둔촌푸르지오 101동,아파트,2059577558,남동,9,24,3,2,2010.03.
빌라,빌라/연립,2059884570,남서,3,8,2,1,12,20,2017.10.
천호우성 1동,아파트,2059621020,동,11,13,2,1,1985.02.
빌라,빌라/연립,2059912940,북동,3,7,2,1,15,14,2017.04.
빌라,빌라/연립,2059860481,남,5,6,3,2,10,10,2015.01.
고덕아르테온 309동,아파트,2059629232,남,11,25,3,2,2020.02.
강일리버파크2단지 207동,아파트,2059571622,남,8,12,3,2,2009.03.
고덕현대 14동,아파트,2059564706,동,4,14,3,1,1986.02.
빌라,빌라/연립,2057508662,남동,3,6,3,2,19,-,2019.02.
고덕그라시움 141동,아파트,2059083253,-,9,18,3,2,2019.09.
빌라,빌라/연립,2057508896,남동,4,6,2,1,19,-,2019.02.
고덕롯데캐슬베네루체 719동,아파트,2060747346,남,고,17,3,2,2019.12.
고덕롯데캐슬베네루체 713동,아파트,2060766608,-,저,29,3,2,2019.12.
연립,빌라/연립,2059634868,-,3,4,2,1,5,5,2008.01.
연립,빌라/연립,2059648414,-,3,3,2,1,1,-,
연립 성우스타팰리스,빌라/연립,2059649044,남서,8,11,2,1,1,40,
빌라 미성빌라,빌라/연립,2059691131,동,3,5,3,1,11,15,2001.12.
빌라 초동빌라,빌라/연립,2059655317,-,1,2,,,-,-,
빌라 리라빌라,빌라/연립,2059644370,-,2,2,2,1,2,-,1990.12.
빌라,빌라/연립,2059651735,남,4,6,2,1,1,10,2015.05.
연립 태성빌라,빌라/연립,2059635174,-,3,5,2,1,8,8,2008.10.
연립 리라아트빌라,빌라/연립,2059627599,-,3,3,2,1,4,12,1992.08.
빌라 미래아트빌,빌라/연립,2059671071,남,2,5,3,2,8,8,2008.04.
빌라,빌라/연립,2059638145,-,4,5,,,1,-,
,,,,,,
,,,,,,
단지내상가,상가점포,2059635327,2,2,6,2009.03.
래미안솔베뉴 101동,아파트,2059617222,남,11,35,3,2,2019.06.
강동디앤써밋(도시형) 101동,아파트,2059565043,-,10,13,2,1,2019.05.
명일LG 101동,아파트,2059006708,남동,13,23,3,2,1999.12.
빌라 참고은빌2,빌라/연립,2059543084,남,2,5,2,1,7,8,2012.01.
다가구,단독/다가구,2059612463,-,20,8,4,8,
빌라 청호센스빌,빌라/연립,2059195095,북,3,5,3,2,6,8,2002.10.
빌라 대신빌라,빌라/연립,2059574619,-,5,5,2,1,6,8,2002.11.
동아2차 1동,아파트,2059565440,-,6,14,3,1,1996.10.
둔촌푸르지오 105동,아파트,2058943229,남,4,23,3,2,2010.03.
빌라,빌라/연립,2059541531,남,4,5,3,1,1,10,2002.09.
빌라,빌라/연립,2059542688,남,6,6,2,1,1,10,2015.06.
강동디앤써밋(도시형) 101동,아파트,2059564578,-,11,13,2,1,2019.05.
빌라 아름누리,빌라/연립,2059541158,동,2,5,3,1,1,-,2014.11.
빌라 헤렌하임,빌라/연립,2059610455,-,6,6,2,1,7,-,2015.05.
빌라 동은아트빌라,빌라/연립,2059572414,남,4,5,3,1,8,10,2002.09.
빌라,빌라/연립,2059574864,남,4,6,2,1,13,14,1997.04.
현대1차 11동,아파트,2059010047,동,10,11,3,1,1984.11.
다가구,단독/다가구,2059612302,남,3,2,2,-,
고덕센트럴아이파크 506동,아파트,2060794928,남,저,29,3,2,2019.12.
고덕롯데캐슬베네루체 709동,아파트,2060796391,남서,중,29,3,2,2019.12.
래미안강동팰리스 103동,주상복합,2060738243,북동,고,45,3,1,2017.07.
,,,,,,
,,,,,,
고덕숲아이파크 103동,아파트,2060765942,남서,고,22,3,2,2018.03.
,,,,,,
고덕그라시움 107동,아파트,2060754972,-,고,21,3,2,2019.09.
고덕아르테온 324동,아파트,2060738634,남,중,13,3,2,2020.02.
고덕숲아이파크 102동,아파트,2060766672,남동,중,25,3,2,2018.03.
SK허브진 1동,주상복합,2060757609,-,중,15,2,1,2004.10.
래미안강동팰리스 101동,주상복합,2060741659,남서,고,44,3,2,2017.07.
,,,,,,
강동역신동아파밀리에 1102동,주상복합,2060756996,남,저,41,4,2,2015.07.
,,,,,,
래미안강동팰리스 103동,주상복합,2060734163,남,저,45,3,2,2017.07.
강동역신동아파밀리에 1101동,주상복합,2060756634,남동,중,41,4,2,2015.07.
고덕숲아이파크 109동,아파트,2060766433,남,고,23,3,2,2018.03.
고덕숲아이파크 108동,아파트,2060765482,남서,고,25,3,2,2018.03.
고덕센트럴아이파크 502동,아파트,2060793684,남,저,29,3,2,2019.12.
래미안강동팰리스 102동,주상복합,2060733876,남,고,44,3,2,2017.07.
래미안강동팰리스 101동,주상복합,2060738876,남,고,44,3,2,2017.07.
대우한강베네시티 102동,오피스텔,2060287489,북동,중,8,1,1,2007.03.
대동피렌체리버 101동,오피스텔,2060365292,서,저,14,1,1,2004.06.
청호뜨레피움퍼스트 1동,아파트,2060561487,남,9,9,3,1,2016.12.
고덕아르테온 334동,아파트,2060580954,남서,16,21,3,2,2020.02.
강동롯데캐슬퍼스트 128동,아파트,2060599545,남,중,34,4,2,2008.09.
빌라,빌라/연립,2060621211,-,11,13,1,1,30,56,2018.03.
,,,,,,
한화오벨리스크스위트 1동,오피스텔,2059000369,남,14,15,3,2,2005.10.
고덕센트럴아이파크 507동,아파트,2059283619,남,19,26,3,2,2019.12.
동방 1동,아파트,2058790139,북동,6,9,3,1,1995.08.
둔촌푸르지오 101동,아파트,2058700026,남동,15,24,3,2,2010.03.
둔촌푸르지오 106동,아파트,2059196440,동,15,25,3,2,2010.03.
현대1차 10동,아파트,2059248273,남,3,14,3,1,1984.11.
삼익그린맨션2차 507동,아파트,2059248848,남,6,15,3,2,1983.12.
,,,,,,
우성(356) 102동,아파트,2059098010,남,2,8,3,2,2004.02.
상가건물,상가건물,2059418736,-,
삼익그린맨션2차 501동,아파트,2059252314,남,3,15,3,1,1983.12.
현대1차 12동,아파트,2059247813,남,8,14,3,1,1984.11.
빌라 지하우스,빌라/연립,2058851320,남동,3,6,2,1,24,30,2016.10.
,,,,,,
고덕아르테온 305동,아파트,2060595998,남,고,15,3,2,2020.02.
고덕그라시움 112동,아파트,2060551334,남서,고,22,3,2,2019.09.
하이브(도시형) 1동,아파트,2060624721,북동,중,16,1,1,2013.02.
고덕센트럴아이파크 513동,아파트,2060588791,남,고,28,3,2,2019.12.
,,,,,,
고덕래미안힐스테이트 307동,아파트,2060736183,남서,중,30,3,2,2016.12.
강일리버파크8단지 801동,아파트,2060552806,남,중,14,3,2,2009.03.
오앤하우스 1동,오피스텔,2060590426,서,고,6,1,1,2014.07.
고덕센트럴아이파크 508동,아파트,2060561252,남,중,26,3,2,2019.12.
고덕그라시움 115동,아파트,2060572290,남서,고,20,3,2,2019.09.
대형사무실,사무실,2060728403,3,7,-,40,2003.01.
강동역신동아파밀리에 1101동,주상복합,2060739174,-,저,41,4,2,2015.07.
둔촌푸르지오 101동,아파트,2060559734,남동,저,24,3,2,2010.03.
천호e-편한세상 102동,아파트,2060766640,남,중,13,3,2,2005.10.
고덕그라시움 126동,아파트,2060568117,남동,저,21,3,2,2019.09.
하이브(도시형) 1동,아파트,2060627796,남,고,16,1,1,2013.02.
고덕그라시움 114동,아파트,2060552422,남서,저,20,3,2,2019.09.
고덕그라시움 143동,아파트,2060553120,남동,고,21,3,2,2019.09.
고덕센트럴아이파크 511동,아파트,2060602643,남서,고,18,3,2,2019.12.
코오롱1차 101동,아파트,2060535094,-,저,20,3,1,1999.05.
고덕숲아이파크 113동,아파트,2060505380,남동,고,10,3,2,2018.03.
둔촌푸르지오 105동,아파트,2060363151,남동,저,23,3,2,2010.03.
,,,,,,
빌라 스타팰리스,빌라/연립,2060295406,-,3,5,,,-,14,2011.12.
고덕그라시움 118동,아파트,2060375362,남동,30,30,3,2,2019.09.
강동역신동아파밀리에 1101동,주상복합,2060495856,남,중,41,3,2,2015.07.
,,,,,,
,,,,,,
SK허브진 1동,주상복합,2060545502,남,저,15,3,1,2004.10.
올림픽파크플러스 1동,아파트,2060338525,남,중,11,4,2,2002.01.
,,,,,,
고덕롯데캐슬베네루체 709동,아파트,2060548155,남서,저,29,3,2,2019.12.
고덕그라시움 101동,아파트,2060372230,남동,15,35,4,3,2019.09.
"다성이즈빌(169-6,도시형) 1동",아파트,2060531094,북서,고,12,1,1,2018.07.
고덕센트럴아이파크 501동,아파트,2060116074,남서,중,22,3,2,2019.12.
고덕그라시움 119동,아파트,2060549351,남서,고,27,3,2,2019.09.
래미안강동팰리스 102동,주상복합,2060492989,남서,중,44,3,2,2017.07.
래미안솔베뉴 101동,아파트,2060767405,남동,22,35,3,2,2019.06.
래미안솔베뉴 102동,아파트,2060775316,남,22,35,3,2,2019.06.
빌라 한영아르떼,빌라/연립,2059225973,남,5,6,3,2,5,10,2016.05.
빌라,빌라/연립,2059286360,동,9,10,2,1,25,20,
,,,,,,
고덕아르테온 309동,아파트,2060756590,남,15,25,3,2,2020.02.
,,,,,,
선사현대 103동,아파트,2059270404,남서,12,25,3,1,2000.06.
프라이어팰리스 101동,아파트,2060767018,남동,11,19,3,2,2007.07.
길동신동아4차 101동,아파트,2059070665,남,4,12,3,2,1999.11.
단지내상가,상가점포,2059214779,2,2,20,
빌라,빌라/연립,2059290915,남,5,5,2,1,1,-,2012.01.
빌라 카리스빌,빌라/연립,2059283789,-,2,5,2,1,8,10,2010.01.
단지내상가,상가점포,2059219529,2,2,10,
,,,,,,
성안마을청구 102동,아파트,2059296356,남동,7,23,3,2,2002.07.
명일중앙하이츠 1동,아파트,2059193257,남,중,13,3,2,1992.05.
빌라,빌라/연립,2059220728,-,2,6,2,1,1,-,2016.01.
빌라 강남리치빌,빌라/연립,2059224522,북서,4,6,2,1,7,14,2015.11.
빌라 삼성월드빌,빌라/연립,2059240698,남동,5,5,2,1,6,-,2002.01.
빌라 로얄하우스빌 B동,빌라/연립,2059274021,-,2,4,3,2,3,-,2016.04.
빌라,빌라/연립,2059268532,남,3,6,3,2,12,15,2015.10.
연립,빌라/연립,2058726009,남,5,5,3,1,6,6,2003.10.
명일LG 101동,아파트,2058994766,남동,1,23,3,2,1999.12.
더존예가(167-120) 1동,오피스텔,2059016727,동,2,5,3,2,2016.09.
빌라,빌라/연립,2057262878,남,2,6,3,1,12,-,2019.05.
연립,빌라/연립,2058720169,남,5,5,3,1,6,6,2003.10.
현대1차 14동,아파트,2058983814,남,4,13,3,1,1984.11.
래미안강동팰리스 102동,주상복합,2058772317,남,42,44,3,2,2017.07.
서희스타힐스 1동,오피스텔,2059042857,남,8,17,1,1,2012.08.
빌라 보성빌라,빌라/연립,2060561349,남,-1,4,2,1,5,10,1992.08.
,,,,,,
래미안강동팰리스 102동,주상복합,2060535411,-,중,44,3,2,2017.07.
래미안강동팰리스 102동,주상복합,2060590274,북동,8,44,3,2,2017.07.
고덕아이파크 110동,아파트,2060566887,남,고,17,3,2,2011.12.
빌라,빌라/연립,2060543168,남,2,3,3,1,1,6,
경지아리움 1동,오피스텔,2060599637,서,고,16,1,1,2019.06.
센트로빌 1동,주상복합,2060619330,남,고,7,3,1,2003.11.
고덕아이파크 107동,아파트,2060566153,남,저,20,4,3,2011.12.
,,,,,,
,,,,,,
성내e-편한세상1차 101동,아파트,2060638418,동,중,15,3,2,2003.11.
강일리버파크2단지 205동,아파트,2060328293,남동,중,11,3,2,2009.03.
,,,,,,
한강포스파크 101동,아파트,2059927987,남,고,19,4,2,2002.09.
고덕아르테온 327동,아파트,2060312763,남서,고,22,3,2,2020.02.
현대코아(천호아이파크) 1동,주상복합,2060266669,남,고,25,3,2,1999.02.
래미안강동팰리스 103동,주상복합,2060344333,남,고,45,3,2,2017.07.
지원골드 1동,아파트,2060499942,남,저,7,3,2,2005.09.
래미안솔베뉴 102동,아파트,2060343246,남서,고,35,3,2,2019.06.
고덕숲아이파크 104동,아파트,2060306392,남,고,15,3,2,2018.03.
,,,,,,
,,,,,,
강동역신동아파밀리에 1101동,주상복합,2060265030,남,저,41,4,2,2015.07.
고덕센트럴아이파크 510동,아파트,2060406188,남,고,19,3,2,2019.12.
일성하이츠 1동,오피스텔,2059788912,남,중,15,1,1,1993.09.
고덕아르테온 327동,아파트,2060348356,남동,저,22,3,2,2020.02.
래미안솔베뉴 109동,아파트,2060398637,남서,고,34,3,2,2019.06.
빌라 뉴삼성빌,빌라/연립,2060362699,남,4,5,2,1,7,-,2008.07.
강동역신동아파밀리에 1101동,주상복합,2060264698,남,고,41,4,2,2015.07.
,,,,,,
암사e-편한세상 102동,아파트,2060310515,남,고,13,3,2,2005.10.
,,,,,,
,,,,,,
빌라 하이브빌,빌라/연립,2059044153,-,4,6,3,2,11,15,2015.08.
금호 1동,아파트,2060766758,남,3,14,1,1,1987.06.
금호 1동,아파트,2060767196,남,2,14,1,1,1987.06.
빌라 샤인트리움 B동,빌라/연립,2059043238,서,2,5,3,1,1,10,2016.09.
,,,,,,
빌라 현대빌라 1동,빌라/연립,2059037733,남,2,3,3,1,8,15,1992.01.
고덕자이 106동,아파트 분양권,2060799709,남,10,12,3,2,2021.02.
빌라 대림빌라,빌라/연립,2059081032,남,1,3,4,2,1,108,1992.03.
빌라 극동하이빌,빌라/연립,2059047359,북서,4,5,3,2,8,8,2010.07.
고덕센트럴아이파크 514동,아파트,2060387482,남서,17,29,3,2,2019.12.
,,,,,,
단독,단독/다가구,2059102451,남,3,2,1,3,1987.11.
,,,,,,
빌라 예건네스빌,빌라/연립,2059096221,남,5,5,3,1,8,8,2002.09.
우성(332) 101동,아파트,2059026533,남,8,9,3,2,1989.10.
고덕아르테온 326동,아파트,2060583327,남서,21,32,3,2,2020.02.
"더존예가(167-120,도시형) 1동",아파트,2059059376,-,6,10,1,1,2016.09.
다가구,단독/다가구,2060364754,-,3,1,5,8,
단지내상가,상가점포,2058986935,2,2,10,2009.09.
명일LG 101동,아파트,2058789024,남서,3,23,3,2,1999.12.
"다성이즈빌(163-5,도시형) 1동",아파트,2058246087,남동,10,12,1,1,2018.09.
다가구,단독/다가구,2058971235,-,,,-,-,
빌라,빌라/연립,2057106470,남,3,6,3,2,63,-,
빌라 드림하우스천동,빌라/연립,2058569889,남동,4,6,3,1,1,-,2014.01.
광남캐스빌(435-7) 101동,아파트,2059009864,-,7,15,3,2,2004.10.
연립,빌라/연립,2058948507,남,2,3,3,1,-,6,1986.12.
빌라,빌라/연립,2057105698,-,5,5,4,2,6,-,
강일타워 1동,오피스텔,2058815927,-,8,10,1,1,2011.06.
빌라,빌라/연립,2057102737,남,3,7,3,2,8,-,2020.05.
빌라,빌라/연립,2057102535,남,7,7,3,2,8,-,2020.05.
둔촌푸르지오 104동,아파트,2058788306,남,4,21,3,2,2010.03.
빌라 더존예가,빌라/연립,2059013778,-,8,8,3,2,-,14,
원다빌2 1동,아파트,2058746796,서,2,13,3,2,2002.07.
빌라,빌라/연립,2057106363,남,3,6,3,2,62,-,
,,,,,,
현대웰하임1단지(도시형) 101동,아파트,2060249481,남,저,15,1,1,2012.04.
한강현대 102동,아파트,2060265363,남,고,27,4,2,1999.05.
고덕래미안힐스테이트 203동,아파트,2060365603,남동,저,17,3,2,2016.12.
고덕그라시움 141동,아파트,2060038099,남,중,18,3,2,2019.09.
고덕래미안힐스테이트 201동,아파트,2060058031,남,중,18,3,2,2016.12.
래미안강동팰리스 101동,주상복합,2060102461,남,저,44,3,2,2017.07.
성내올림픽파크한양수자인 102동,아파트,2060118895,남,고,24,3,2,2016.08.
고덕아르테온 316동,아파트,2059918730,남동,고,32,3,2,2020.02.
유원 1동,아파트,2059597166,남,중,18,3,1,1997.08.
강일리버파크6단지 604동,아파트,2060062367,-,중,15,3,2,2009.03.
빌라 명문아이빌,빌라/연립,2060072807,북,4,6,3,2,18,18,2016.04.
둔촌신성미소지움2차 201동,아파트,2060083773,동,저,22,3,2,2000.12.
프라이어팰리스 105동,아파트,2059570815,남,저,30,3,2,2007.07.
강변그대가 104동,아파트,2060138497,남,저,15,3,2,2007.02.
,,,,,,
래미안솔베뉴 106동,아파트,2060151031,남서,중,35,3,2,2019.06.
래미안강동팰리스 101동,주상복합,2060065273,-,고,44,3,2,2017.07.
삼익그린맨션2차 605동,아파트,2060050678,남,중,15,3,1,1983.12.
정암하이빌 1동,오피스텔,2060051705,동,고,11,1,1,2003.12.
빌라,빌라/연립,2058850153,-,3,6,2,1,1,-,2016.01.
한강현대 101동,아파트,2060365565,남,3,27,3,2,1999.05.
,,,,,,
한솔솔파크더리버 101동,아파트,2060542919,-,10,15,3,2,2009.08.
빌라 현진빌라,빌라/연립,2058714922,-,2,5,2,1,2,-,2013.01.
강일리버파크9단지 911동,아파트,2058517047,남,9,13,3,2,2009.04.
빌라 YH빌리지,빌라/연립,2058708064,-,4,7,2,1,11,18,2017.01.
둔촌역청구 101동,아파트,2058424117,남,15,19,3,1,1999.03.
원다빌2 1동,아파트,2058563838,남,1,13,3,2,2002.07.
명일LG 102동,아파트,2058549194,동,9,18,2,1,1999.12.
강일리버파크3단지 305동,아파트,2058554709,남동,6,13,3,2,2009.03.
강일리버파크3단지 313동,아파트,2058501732,남서,3,15,3,2,2009.03.
복합상가,상가점포,2058622711,1,18,1,2003.01.
빌라,빌라/연립,2058788457,서,3,6,3,2,8,10,2016.04.
"다성이즈빌(169-9,도시형) 1동",아파트,2058605237,북동,9,9,1,1,2016.09.
고덕리엔파크2단지 205동,아파트,2058554493,남,11,12,3,2,2011.01.
빌라 신주블루빌,빌라/연립,2058829865,남서,5,5,2,1,8,8,2004.01.
강변그대가 102동,아파트,2058600176,남,9,15,3,2,2007.02.
노블레스 오피스텔동,오피스텔,2060784863,동,8,10,1,1,2004.03.
동아코아 1동,주상복합,2060787840,서,13,20,3,1,1997.12.
강동역두산위브센티움 1동,오피스텔,2060792703,-,6,15,1,1,2004.05.
고덕센트럴푸르지오 B동,오피스텔,2060796350,북,3,4,2,1,2020.09.
고덕센트럴푸르지오 A동,오피스텔,2060797231,남동,5,7,1,1,2020.09.
중앙하이츠 101동,아파트,2060805367,남,7,16,3,1,1998.12.
주공고층3단지 324동,재건축,2060751098,서,5,10,3,1,1980.12.
주공저층2단지 226동,재건축,2060751403,동,4,5,0,0,1980.01.
,,,,,,
주공저층1단지 137동,재건축,2060751717,남,3,5,3,1,1980.01.
주공저층2단지 226동,재건축,2060756191,남,2,5,3,1,1980.01.
주공고층3단지 315동,재건축,2060754176,남,9,10,3,1,1980.12.
신암가온 1동,주상복합,2060761960,서,3,10,2,1,2002.07.
현대1차 12동,아파트,2060768318,남,13,14,3,1,1984.11.
,,,,,,
주공저층1단지 103동,재건축,2060752062,남,4,5,3,1,1980.01.
길동우성 102동,아파트,2060750835,남동,1,18,3,2,1994.10.
"신동아1,2차 9동",재건축,2060759110,-,8,12,2,1,1983.06.
주공저층2단지 211동,재건축,2060755119,남,3,5,3,1,1980.01.
주공저층1단지 119동,재건축,2060749716,동,3,5,3,1,1980.01.
SK허브진 1동,주상복합,2060778107,북,8,15,3,1,2004.10.
주공저층1단지 103동,재건축,2060750765,남,2,5,3,1,1980.01.
주공고층3단지 313동,재건축,2060753753,남,3,10,3,1,1980.12.
고덕그라시움 131동,아파트,2060759590,-,8,13,3,2,2019.09.
주공고층4단지 434동,재건축,2060752387,-,6,10,3,1,1980.12.
주공고층4단지 429동,재건축,2060752732,-,6,10,3,1,1980.12.
주공저층1단지 117동,재건축,2060744777,동,1,5,3,1,1980.01.
,,,,,,
프라이어팰리스 118동,아파트,2060174439,-,중,30,3,2,2007.07.
e편한세상강동에코포레 102동,아파트,2060560513,남,5,21,3,2,2020.04.
주공저층2단지 221동,재건축,2060747963,동,5,5,3,1,1980.01.
주공저층2단지 206동,재건축,2060741164,동,2,5,3,1,1980.01.
고덕센트럴푸르지오 A동,오피스텔,2060619501,남,4,7,1,1,2020.09.
둔촌푸르지오 105동,아파트,2060727831,동,13,23,3,2,2010.03.
빌라 흥진맨숀에이동,빌라/연립,2060130339,남,3,4,3,,8,-,1991.01.
주공고층3단지 314동,재건축,2060743447,동,8,10,3,1,1980.12.
,,,,,,
노블레스 1동,아파트,2060628710,-,7,7,3,2,2004.03.
주공저층1단지 105동,재건축,2060746038,남,5,5,3,1,1980.01.
주공고층3단지 302동,재건축,2060746310,동,4,10,3,1,1980.12.
프라이어팰리스 115동,아파트,2060740158,남동,19,25,3,2,2007.07.
,,,,,,
M.프라자 1동,아파트,2060619098,남동,6,7,2,1,2004.10.
강일리버파크2단지 208동,아파트,2060744092,남,4,11,3,2,2009.03.
주공고층4단지 424동,재건축,2060739288,남,7,10,3,1,1980.12.
삼익맨션(삼익가든) 3동,아파트,2060583158,남,10,15,3,1,1984.11.
,,,,,,
청광플러스원큐브3차(도시형) 1동,아파트,2059540652,남,17,19,1,1,2014.10.
프라자 3동,아파트,2059870959,남동,중,15,4,2,1984.12.
래미안강동팰리스 102동,주상복합,2059846200,남,고,44,3,2,2017.07.
고덕리엔파크1단지 104동,아파트,2059828224,남동,중,15,4,2,2011.01.
빌라 리라빌라,빌라/연립,2059912101,남,2,2,2,1,2,6,1991.01.
강동역두산위브센티움 1동,주상복합,2059658341,남,14,15,3,1,2004.05.
고덕아르테온 326동,아파트,2059796173,남,고,32,3,2,2020.02.
,,,,,,
고덕그라시움 131동,아파트,2059840380,남,고,13,3,2,2019.09.
프라이어팰리스 116동,아파트,2059927738,남서,중,22,4,2,2007.07.
일성하이츠 1동,오피스텔,2060022620,동,고,15,1,1,1993.09.
강일리버파크6단지 602동,아파트,2059798346,-,고,15,3,2,2009.03.
현대1차 10동,아파트,2059921095,남,고,14,3,1,1984.11.
둔촌신성미소지움2차 202동,아파트,2059886138,남,중,21,3,2,2000.12.
고덕롯데캐슬베네루체 708동,아파트,2059812009,남동,중,28,3,2,2019.12.
고덕센트럴푸르지오 A동,오피스텔,2060113635,남서,6,7,1,1,2020.09.
고덕그라시움 125동,아파트,2060339339,남서,5,29,3,2,2019.09.
,,,,,,
고덕롯데캐슬베네루체 709동,아파트,2060126457,남동,12,29,3,2,2019.12.
고덕그라시움 103동,아파트,2058313261,남서,29,32,3,2,2019.09.
빌라,빌라/연립,2058560471,-,4,5,2,1,-,-,
,,,,,,
강일포디움 1동,오피스텔,2058349896,-,7,10,1,1,2016.03.
,,,,,,
다가구,단독/다가구,2058549689,남동,9,5,-,5,1991.02.
고덕아르테온 329동,아파트,2059927003,남,17,22,3,2,2020.02.
일반상가,상가점포,2058495187,1,10,-,2013.05.
강일리버파크3단지 306동,아파트,2058348753,남동,13,13,3,1,2009.03.
,,,,,,
연립,빌라/연립,2060099630,-,2,3,3,1,-,-,
,,,,,,
단지내상가,상가점포,2058504676,2,2,6,
골드빌4차 1동,주상복합,2058333017,북서,12,12,3,2,2004.04.
,,,,,,
이스트드림힐 1동,주상복합,2058231950,남,4,12,3,2,2003.11.
강일포디움 1동,오피스텔,2058496783,남,10,10,1,1,2016.03.
다가구,단독/다가구,2058549407,-,7,3,1,3,1989.01.
빌라 유하우스,빌라/연립,2060802152,북서,2,5,3,1,7,8,2008.07.
상가주택 은성전속매물,상가주택,2060805964,남동,18,,7,18,2011.01.
빌라 암사동에서 가장좋은 쓰리룸,빌라/연립,2060775480,-,5,7,3,2,18,-,2020.08.
일반상가,상가점포,2060752730,1,9,1,
빌라 그린스위트빌,빌라/연립,2060781200,-,3,6,2,1,7,-,
빌라,빌라/연립,2060766399,서,7,7,3,2,21,21,2019.08.
고덕역효성해링턴타워더퍼스트 1동,오피스텔 분양권,2060764292,남,12,20,1,1,2020.11.
주공고층4단지 412동,재건축,2060750274,남,9,10,3,1,1980.12.
연립 그린빌라,빌라/연립,2060749340,동,4,4,3,1,7,16,1995.04.
주공고층4단지 413동,재건축,2060749071,남,4,10,3,1,1980.12.
빌라,빌라/연립,2060778024,동,6,6,2,1,-,40,2016.01.
,,,,,,
빌라 천호동에서 가장이쁜 쓰리룸 역세권,빌라/연립,2060772200,남동,3,6,3,2,15,-,2019.12.
고덕역효성해링턴타워더퍼스트 1동,오피스텔 분양권,2060763702,남,16,20,1,1,2020.11.
단지내상가 고덕센트럴아이파크 단지내상가,상가점포,2060761920,1,3,1,2020.01.
빌라 무궁화빌,빌라/연립,2060775251,남,2,4,3,1,4,10,1999.08.
고덕역효성해링턴타워더퍼스트 1동,오피스텔 분양권,2060763400,남,7,20,1,1,2020.11.
상가주택 상가주택,상가주택,2060793957,남동,15,,6,8,
몽촌토성 1동,아파트,2060800647,남,3,5,3,2,1993.12.
,,,,,,
빌라,빌라/연립,2060773698,남,3,5,3,2,8,8,2004.01.
복합상가,상가점포,2060781910,-1,21,434,2015.07.
빌라,빌라/연립,2060746714,남,4,6,2,1,18,-,2017.01.
빌라 호수빌라,빌라/연립,2060632324,-,4,4,3,1,3,8,1991.10.
빌딩,빌딩/건물,2060630524,-,
다가구,단독/다가구,2060728178,-,13,,-,-,
주공고층4단지 423동,재건축,2060747454,서,3,10,3,1,1980.12.
빌라 신안아트빌 A동,빌라/연립,2060731659,서,3,5,2,1,6,7,2011.04.
빌딩,빌딩/건물,2060630980,-,
빌딩,빌딩/건물,2060628468,-,
빌딩,빌딩/건물,2060629097,-,
주공고층4단지 435동,재건축,2060744154,동,2,10,3,1,1980.12.
다가구,단독/다가구,2060638671,-,,,-,9,1991.07.
빌라,빌라/연립,2060747674,남서,2,7,3,2,14,14,2020.01.
빌딩,빌딩/건물,2060627533,-,
빌라 이명리버빌,빌라/연립,2060738541,동,4,5,1,1,8,10,2013.06.
빌라 그린하우스빌 A동,빌라/연립,2060633100,동,4,5,3,2,6,-,2003.02.
빌딩,빌딩/건물,2060629724,-,
빌라 로뎀빌라,빌라/연립,2060622970,-,2,4,3,2,7,-,2008.08.
빌딩,빌딩/건물,2060627967,-,
두산위브센티움 1동,오피스텔,2060624872,서,22,23,1,1,2004.09.
단독,단독/다가구,2060632438,-,,,-,-,1986.06.
다가구 세현빌라,단독/다가구,2060622908,북서,22,13,7,13,2013.10.
,,,,,,
다가구,단독/다가구,2060622015,-,36,16,10,15,2019.01.
빌라 조양빌라,빌라/연립,2060621435,남동,1,3,2,1,4,12,1994.10.
다가구,단독/다가구,2060620954,-,20,14,8,13,2019.01.
빌라,빌라/연립,2060619684,-,3,4,3,1,2,9,1994.05.
다가구,단독/다가구,2060619411,남서,16,13,8,12,2018.06.
우림루미아트 101동,아파트,2060601129,남,1,12,3,2,2003.12.
,,,,,,
다가구,단독/다가구,2060619162,남,28,16,10,14,2019.04.
"신동아1,2차 6동",재건축,2060617601,남,7,12,3,1,1983.06.
거산유팰리스 1동,오피스텔,2060614232,남,6,17,1,1,2020.07.
래미안솔베뉴 103동,아파트,2060602679,남,10,32,3,2,2019.06.
,,,,,,
다성이즈빌(388-7) 1동,주상복합,2060608833,서,13,16,2,1,2015.07.
래미안강동팰리스 103동,주상복합,2060547681,-,5,45,3,2,2017.07.
강동롯데캐슬퍼스트 101동,아파트,2060586394,남,19,25,3,2,2008.09.
미랜드프레임빌 1동,아파트,2060549000,-,1,10,4,1,2006.10.
고덕센트럴아이파크 514동,아파트,2060600865,남,10,29,3,2,2019.12.
라인 101동,아파트,2060582861,서,4,19,3,2,1996.01.
,,,,,,
미사아름채 1동,오피스텔,2060547279,동,3,3,1,1,2020.02.
,,,,,,
서희스타힐스 1동,오피스텔,2060511568,북,14,17,2,1,2012.08.
고덕숲아이파크 106동,아파트,2059874834,남,저,22,4,2,2018.03.
,,,,,,
청광노블하임 1동,오피스텔,2060500589,동,3,15,1,1,2004.02.
원다빌2 1동,아파트,2060541836,남,2,13,3,2,2002.07.
원다빌2 1동,아파트,2060541463,동,6,13,3,2,2002.07.
트레벨 1동,오피스텔,2060529669,서,10,15,1,1,2003.06.
강변그대가 105동,아파트,2060497671,남,11,15,3,2,2007.02.
고덕래미안힐스테이트 112동,아파트,2059903573,남동,저,35,3,2,2016.12.
둔촌현대4차 102동,아파트,2060532935,남,4,19,4,2,1996.02.
주공저층1단지 132동,재건축,2060495062,남,1,5,3,1,1980.01.
프라이어팰리스 107동,아파트,2059841313,남동,저,22,3,2,2007.07.
"신동아1,2차 11동",재건축,2060397587,-,7,12,2,1,1983.06.
금호 1동,아파트,2060490491,남,5,14,1,1,1987.06.
성내삼성 202동,아파트,2060519152,남,18,24,4,2,1999.09.
,,,,,,
광남캐스빌 1동,오피스텔,2060539148,동,3,4,1,1,2005.05.
고덕센트럴아이파크 517동,아파트,2059583807,남,고,20,3,2,2019.12.
래미안솔베뉴 108동,아파트,2059638538,남,중,35,3,2,2019.06.
래미안강동팰리스 101동,주상복합,2059563321,북동,중,44,2,1,2017.07.
암사e-편한세상 101동,아파트,2059675346,남,저,13,3,2,2005.10.
삼익파크맨숀 508동,아파트,2059599336,남동,고,12,3,2,1982.09.
강일리버파크2단지 208동,아파트,2059577163,남,저,11,3,2,2009.03.
강동역신동아파밀리에 1101동,주상복합,2059787983,남,중,41,4,2,2015.07.
용명브릿지 1동,아파트,2059537031,-,고,10,3,2,2005.07.
,,,,,,
다가구,단독/다가구,2059646268,-,29,20,10,16,2019.03.
삼익그린맨션2차 602동,아파트,2059665566,동,중,15,2,1,1983.12.
고덕센트럴아이파크 503동,아파트,2059619584,남서,저,29,3,2,2019.12.
고덕숲아이파크 102동,아파트,2059588433,남동,고,25,3,2,2018.03.
래미안강동팰리스 101동,주상복합,2059646896,-,고,44,3,2,2017.07.
둔촌한솔솔파크 102동,아파트,2059602334,남동,고,10,4,2,2003.07.
빌라,빌라/연립,2060115492,-,1,2,3,,-,-,
강동롯데캐슬퍼스트 125동,아파트,2060767213,남동,고,25,3,2,2008.09.
천호역한강푸르지오시티 1동,오피스텔,2060736046,남서,고,35,1,1,2015.07.
고덕롯데캐슬베네루체 716동,아파트,2060126340,남,6,16,3,2,2019.12.
강동롯데캐슬퍼스트 106동,아파트,2060773009,남동,중,33,3,2,2008.09.
강일리버파크7단지 708동,아파트,2058022992,-,14,15,3,2,2009.06.
고덕아르테온 304동,아파트,2059824946,남서,14,25,3,2,2020.02.
중앙 1동,아파트,2059778162,남,2,8,3,2,2001.11.
한강현대 101동,아파트,2059838642,남,7,27,3,1,1999.05.
한강현대 102동,아파트,2059840180,남,9,27,4,2,1999.05.
엘림스퀘어II(도시형) 1동,아파트,2058311015,-,12,13,1,1,2019.04.
고덕센트럴아이파크 505동,아파트,2059883596,남,4,16,3,2,2019.12.
래미안강동팰리스 101동,주상복합,2058037986,남,10,44,3,2,2017.07.
빌라 상목하이츠,빌라/연립,2058340209,-,3,4,3,1,4,-,2002.11.
단지내상가 고덕그라시움아파트상가1동,상가점포,2058308103,2,3,2,2019.10.
일반상가,상가점포,2058254905,1,10,-,2012.07.
둔촌현대4차 102동,아파트,2058094369,남,8,19,3,2,1996.02.
,,,,,,
프라이어팰리스 109동,아파트,2058230325,남,24,25,4,2,2007.07.
현대1차 10동,아파트,2058140283,남,11,14,3,1,1984.11.
단지내상가,상가점포,2058269574,2,2,6,2009.03.
,,,,,,
상가주택,상가주택,2058342556,남,12,6,6,5,1992.07.
,,,,,,
,,,,,,
빌라 삼성그린빌라,빌라/연립,2060582159,남,2,4,4,2,1,-,1999.06.
빌라,빌라/연립,2060567732,-,3,4,3,1,5,7,2017.01.
다가구,단독/다가구,2060549388,북,,,-,-,
빌라,빌라/연립,2060595158,남동,2,6,2,1,1,-,2020.01.
빌라,빌라/연립,2060578873,남동,5,6,3,2,-,10,2020.01.
고덕센트럴푸르지오 B동,오피스텔,2060574017,서,3,4,2,1,2020.09.
빌라 로뎀빌라,빌라/연립,2060607261,남동,3,4,2,1,6,6,2008.08.
빌딩,빌딩/건물,2060549117,6,
빌라,빌라/연립,2060595383,남동,5,7,3,2,14,-,2020.05.
빌라 세림힐,빌라/연립,2060596864,-,5,6,3,1,1,39,2016.03.
다가구 이레가,단독/다가구,2060597712,남,11,8,4,5,2019.05.
빌라 블루빌,빌라/연립,2060555309,-,7,7,3,2,9,14,2011.12.
,,,,,,
빌라 현대빌라 2동,빌라/연립,2060579755,-,3,3,,,8,-,1992.03.
빌라 유하우스,빌라/연립,2060576350,동,2,4,3,1,7,-,2008.01.
,,,,,,
빌라 타워파크주택 A동,빌라/연립,2060562562,-,2,6,2,1,8,15,2013.03.
일반상가,상가점포,2060584284,1,6,40,2004.01.
빌라 벽담주택,빌라/연립,2060602875,-,4,5,3,1,7,-,2007.09.
빌라 세림힐,빌라/연립,2060595496,남동,4,6,3,2,1,39,2016.03.
다가구,단독/다가구,2060548302,-,10,,2,8,
,,,,,,
상가주택,상가주택,2060494073,남,3,2,8,1,2004.08.
빌라 천사파크빌,빌라/연립,2060547575,동,4,4,2,1,6,9,2001.01.
단지내상가 다성이즈빌아파트 상가,상가점포,2060538173,1,12,38,
일반상가,상가점포,2060548584,1,5,-,
빌라,빌라/연립,2060545632,-,3,6,3,,1,-,
빌라 도원아트빌,빌라/연립,2060513237,남,3,5,3,,6,8,2002.09.
인택스파크뷰 1동,오피스텔,2060530981,남서,4,4,1,1,2003.11.
단독 둔촌동 단독주택,단독/다가구,2060506219,남,11,5,-,5,1989.04.
강일리버파크3단지 313동,아파트,2060528094,남서,4,15,3,2,2009.03.
빌라 골드빌,빌라/연립,2060543626,남,4,4,3,2,7,8,2002.11.
전원주택 서원마을,전원주택,2060544951,남,3,2,3,1,1980.07.
고덕롯데캐슬베네루체 716동,아파트,2060509522,남,4,16,3,2,2019.12.
일반상가 메가타운,상가점포,2060542308,1,6,1,2005.04.
빌라 선사리버빌,빌라/연립,2060549071,-,-1,3,3,1,6,-,2002.09.
단지내상가,상가점포,2060506977,1,6,10,2019.11.
빌라,빌라/연립,2060497388,-,3,8,2,1,1,-,2017.12.
빌라 성내아트빌,빌라/연립,2060535208,남,2,5,3,2,6,10,2013.08.
빌라 제이디파크빌,빌라/연립,2060543348,동,3,6,2,1,14,18,2019.02.
빌라,빌라/연립,2060403842,남,3,5,2,1,7,8,2015.08.
빌라,빌라/연립,2060493776,-,3,6,3,2,1,-,2016.05.
다가구,단독/다가구,2060453884,북,,,7,14,2016.08.
,,,,,,
상가주택,상가주택,2060454406,-,,,-,-,1978.08.
다가구,단독/다가구,2060453299,-,,,5,12,2019.02.
빌딩,빌딩/건물,2060391814,4,2006.07.
빌라 신암초인근,빌라/연립,2060395360,동,1,4,2,2,4,6,2003.07.
다가구,단독/다가구,2060453786,남,,,5,12,2019.07.
빌라,빌라/연립,2060403072,남,2,7,3,2,13,15,2016.09.
상가주택,상가주택,2060454779,북,,,3,3,1982.01.
연립,빌라/연립,2060490869,-,3,3,3,1,1,-,
다가구,단독/다가구,2060454633,-,,,6,14,2019.07.
다가구,단독/다가구,2060454299,-,,,9,11,2019.04.
빌라,빌라/연립,2060477411,남동,4,6,2,1,1,-,2016.05.
다가구,단독/다가구,2060453688,-,,,-,12,2019.04.
빌라,빌라/연립,2060388733,서,5,7,3,2,15,15,2020.05.
대,토지/임야,2060452655
빌라 태양빌라,빌라/연립,2060384771,-,2,5,3,2,12,-,1995.12.
단독,단독/다가구,2060389176,동,8,5,2,5,
"신동아1,2차 1동",재건축,2060373269,남,10,12,3,1,1983.06.
고덕그라시움 103동,아파트,2060364642,남서,28,32,3,2,2019.09.
"신동아1,2차 2동",재건축,2060374259,남,10,12,2,1,1983.06.
,,,,,,
동은 101동,아파트,2060357918,서,6,7,3,1,2004.02.
,,,,,,
고덕그라시움 143동,아파트,2060325164,남서,15,21,3,2,2019.09.
다성이즈빌명일4차 1동,아파트,2060344411,남,3,6,3,2,2005.02.
,,,,,,
고덕롯데캐슬베네루체 717동,아파트,2060326310,남,15,17,3,2,2019.12.
성내삼성 202동,아파트,2060359096,남동,6,24,4,2,1999.09.
,,,,,,
삼보프리빌 1동,주상복합,2060338872,남,5,8,3,2,2010.01.
전원주택 서원마을,전원주택,2060380825,남,4,2,3,1,1980.07.
,,,,,,
고덕센트럴푸르지오 A동,오피스텔,2060369573,남동,4,7,1,1,2020.09.
,,,,,,
고덕그라시움 103동,아파트,2060367813,남동,28,32,3,2,2019.09.
길동이룸3차 1동,아파트,2060344889,동,8,8,2,1,2005.06.
천호태영 102동,오피스텔,2060324145,남동,1,1,1,1,1999.11.
고덕센트럴아이파크 512동,아파트,2060292723,남동,13,28,4,2,2019.12.
주공고층4단지 434동,재건축,2060283599,남,6,10,3,1,1980.12.
주공고층3단지 322동,재건축,2060156554,남,6,10,2,1,1980.12.
주공저층1단지 140동,재건축,2060260277,남,2,5,3,1,1980.01.
주공저층2단지 210동,재건축,2060261862,남,1,5,3,1,1980.01.
고덕그라시움 110동,아파트,2060298618,남동,24,27,3,2,2019.09.
강일테라우드 1동,오피스텔,2060173562,남,6,10,3,2,2019.03.
두산위브센티움 1동,오피스텔,2060318004,동,16,23,1,1,2004.09.
주공고층3단지 313동,재건축,2060157063,남,10,10,3,1,1980.12.
명일다성이즈빌 1동,아파트,2060158188,남,1,9,3,2,2010.11.
주공고층4단지 408동,재건축,2060157260,-,5,10,2,1,1980.12.
고덕그라시움 146동,아파트,2060262054,남,13,15,3,2,2019.09.
고덕그라시움 142동,아파트,2060158238,남동,19,21,3,2,2019.09.
주공고층4단지 434동,재건축,2060157564,-,5,10,3,1,1980.12.
주공고층4단지 416동,재건축,2060157744,-,8,10,3,1,1980.12.
청광플러스원큐브3차 1동,오피스텔,2060324102,남,4,6,1,1,2014.10.
두산위브센티움 1동,오피스텔,2060316297,서,23,23,1,1,2004.09.
천호태영 102동,오피스텔,2060324145,남동,1,1,1,1,1999.11.
주공고층3단지 322동,재건축,2060156863,남,3,10,3,1,1980.12.
고덕그라시움 138동,아파트,2060261707,남,8,9,3,2,2019.09.
양지벨로스 1동,아파트,2059610587,남,고,7,3,2,2004.11.
주공저층2단지 226동,재건축,2060156363,남,2,5,3,1,1980.01.
동원베네스트 1동,아파트,2059048033,남,중,13,3,2,2002.12.
주공저층1단지 106동,재건축,2060155757,남,4,5,3,1,1980.01.
주공저층1단지 114동,재건축,2060155366,남,4,5,3,1,1980.01.
고덕센트럴아이파크 503동,아파트,2058806281,남서,저,29,3,2,2019.12.
주공저층1단지 117동,재건축,2060155562,남,4,5,3,1,1980.01.
주공저층2단지 236동,재건축,2060156144,남,4,5,3,1,1980.01.
상가주택,상가주택,2059543821,-,,,-,-,
,,,,,,
,,,,,,
,,,,,,
강동역신동아파밀리에 1102동,주상복합,2059547410,남,중,41,4,2,2015.07.
고덕아르테온 328동,아파트,2060146624,남,12,22,3,2,2020.02.
라인 101동,아파트,2059661371,남,18,19,2,1,1996.01.
강동롯데캐슬퍼스트 119동,아파트,2060602127,남,중,26,3,2,2008.09.
,,,,,,
고덕자이 107동,아파트 분양권,2059894247,남,12,12,4,2,2021.02.
고덕아르테온 320동,아파트,2060602295,남,고,25,4,2,2020.02.
고덕아르테온 310동,아파트,2059651817,남,13,13,3,2,2020.02.
빌라 광납캐스빌,빌라/연립,2058129507,남,3,5,2,1,8,8,2015.01.
단독,단독/다가구,2058068301,-,,,-,-,
상가주택,상가주택,2057993637,-,4,,-,-,1993.10.
둔촌암펠로스타워 1동,주상복합,2058062657,남,8,14,3,2,2006.12.
빌라 더티움 2차 B동,빌라/연립,2058094570,남,2,5,3,2,1,8,2018.02.
빌라 헤렌하임,빌라/연립,2058082595,동,2,6,3,2,11,15,2015.07.
상가주택,상가주택,2058073529,-,,,-,-,
빌라,빌라/연립,2057993912,남동,4,6,2,1,1,-,2018.01.
빌라 아름누리,빌라/연립,2058017316,동,6,6,3,1,10,10,2014.01.
빌라 효진빌라,빌라/연립,2058004433,-,2,4,3,1,3,-,1991.08.
빌라,빌라/연립,2058071923,-,1,4,2,2,4,6,2003.07.
집앤사스윗사이드(도시형) 1동,아파트,2057706405,남서,6,7,1,1,2019.07.
빌라 주함해븐빌,빌라/연립,2057647800,남,2,6,3,2,1,-,2018.01.
빌라 미르빌,빌라/연립,2058055647,남동,3,5,3,2,8,8,2003.10.
빌라 예건네스빌,빌라/연립,2058064539,남,4,5,3,2,8,20,2002.07.
,,,,,,
창고,공장/창고,2057996806,-,-,
빌라,빌라/연립,2060376158,-,3,5,3,1,13,16,2016.05.
빌라,빌라/연립,2060379332,-,2,6,3,,1,-,
연립,빌라/연립,2060376769,동,-1,4,3,,7,14,1994.06.
빌라,빌라/연립,2060342714,-,3,6,3,2,1,-,
빌라 다세대주택,빌라/연립,2060342841,남서,1,2,3,1,-,6,
복합상가 주양쇼핑,상가점포,2060364656,-1,8,-,1992.05.
다가구 토호빌라,단독/다가구,2060367773,북,15,7,7,7,2007.03.
빌라,빌라/연립,2060362964,북동,3,5,3,2,9,11,2014.10.
빌딩,빌딩/건물,2060370639,4,2012.01.
빌딩,빌딩/건물,2060354333,-,
연립 빌라,빌라/연립,2060345867,북서,2,3,2,1,-,8,1986.06.
빌라,빌라/연립,2060342790,-,3,6,3,2,1,-,
강동와이시티(도시형) 1동,아파트,2060342543,-,11,18,1,1,2014.01.
연립,빌라/연립,2060371362,남,-1,2,2,1,-,7,
다성이즈빌(388-7) 1동,오피스텔,2060361582,남,4,5,1,1,2015.07.
단독,단독/다가구,2060344028,남,,,-,-,
전원주택 선사마을,전원주택,2060369442,남,8,4,3,3,1994.12.
빌딩,빌딩/건물,2060353236,-,
빌라 엘베 필로티주차 상태최상급매,빌라/연립,2060371460,남,2,5,3,2,1,-,2015.06.
전원주택,전원주택,2060360792,남,6,4,2,2,2005.05.
빌라 1층주차장 올리모델링 최상품격,빌라/연립,2060348987,동,2,4,2,1,4,-,2003.03.
빌라 에덴캐슬,빌라/연립,2060351126,-,6,6,3,2,9,15,2014.11.
빌라 진성드림빌,빌라/연립,2060359093,동,3,5,2,1,7,8,2013.01.
빌딩,빌딩/건물,2060302016,6,2004.08.
빌딩 서림빌딩,빌딩/건물,2060296040,-,
고덕역효성해링턴타워더퍼스트 1동,오피스텔 분양권,2060331109,남,6,20,1,1,2020.11.
빌라 청조크린빌,빌라/연립,2060291375,남동,5,6,3,1,8,10,2016.04.
빌딩,빌딩/건물,2060326869,-,
빌딩,빌딩/건물,2060305750,-,
빌딩 동광타워,빌딩/건물,2060302350,-,
빌라 아미캐슬,빌라/연립,2060323061,-,4,7,3,2,-,-,2017.06.
빌딩,빌딩/건물,2060334626,3,1997.06.
중소형사무실,사무실,2060324420,3,8,-,1,2017.12.
빌라 참빌라,빌라/연립,2060297020,남,4,4,3,2,4,6,2001.09.
빌딩,빌딩/건물,2060318292,-,1980.01.
빌딩,빌딩/건물,2060341122,3,1990.09.
단독,단독/다가구,2060336669,남서,3,2,2,1,1980.02.
빌딩,빌딩/건물,2060336666,-,1996.08.
빌딩,빌딩/건물,2060320238,3,1983.08.
연립 대진빌라,빌라/연립,2060300410,-,2,4,3,1,-,8,1992.01.
빌딩,빌딩/건물,2060310436,-,
빌딩,빌딩/건물,2060295913,-,
빌딩,빌딩/건물,2060309673,-,
고덕역효성해링턴타워더퍼스트 1동,오피스텔 분양권,2060283762,동,11,20,1,1,2020.11.
대,토지/임야,2060281166
대,토지/임야,2060280279
빌라,빌라/연립,2060277180,남동,4,4,3,1,-,6,1991.01.
빌딩,빌딩/건물,2060290018,-,
세양청마루 1동,주상복합,2060266732,남,14,15,4,2,2005.10.
기타 준아트빌,빌라/연립,2060273421,-,6,6,,,6,12,2018.07.
다가구,단독/다가구,2060286030,남동,16,10,9,9,2018.02.
빌라 호수빌라,빌라/연립,2060278785,-,4,4,3,1,3,-,1991.10.
단지내상가,상가점포,2060255731,3,10,10,
늘푸른 1동,아파트,2060269206,동,5,7,3,2,2006.10.
주공고층4단지 424동,재건축,2060263069,남,3,10,3,1,1980.12.
다가구,단독/다가구,2060249271,동,15,8,-,7,2003.01.
빌라,빌라/연립,2060270500,남동,2,5,3,2,1,9,2019.01.
빌라 유하우스,빌라/연립,2060287133,남동,3,5,2,1,6,6,2007.01.
빌딩,빌딩/건물,2060275432,-,1997.09.
복합상가 고덕역 대명벨리온,상가점포,2060260740,4,20,-,
빌라 삼유스위트빌 B,빌라/연립,2060263508,-,5,5,3,2,7,8,2003.01.
복합상가,상가점포,2060278981,1,10,2,
단독,단독/다가구,2060279720,-,,,-,-,1998.06.
동남 1동,아파트,2060135326,동,1,7,3,1,2001.07.
빌라 제이빌더스,빌라/연립,2060178950,-,5,6,2,1,1,-,2016.10.
경지아리움 1동,주상복합,2060109415,남서,11,16,1,1,2019.06.
다성이즈빌(387-4) 1동,오피스텔,2060110931,남,3,6,1,1,2018.12.
일반상가,상가점포,2060249170,1,6,1,2007.04.
찬솔 1동,아파트,2060089234,동,4,7,3,2,2007.07.
일반상가 일반상가,상가점포,2060145962,3,7,-,
,,,,,,
주공고층3단지 315동,재건축,2060083056,남,4,10,3,1,1980.12.
포레스 A동,주상복합,2060075665,남동,5,6,3,2,2003.08.
고덕아르테온 301동,아파트,2060112547,동,13,21,3,2,2020.02.
일반상가,상가점포,2060160842,1,6,1,
유덕휴먼빌 101동,아파트,2060129740,남,4,9,3,2,2003.08.
빌라,빌라/연립,2060248827,-,-1,4,,,5,-,2001.08.
빌라 써미트빌,빌라/연립,2060149686,남,6,6,3,2,10,10,2017.07.
빌라 주변지하철4개 초역세권 신축쓰리룸,빌라/연립,2060161697,-,3,6,3,2,-,14,2019.12.
다가구,단독/다가구,2060213117,동,,,12,14,2018.11.
고덕그라시움 131동,아파트,2060135021,남,8,13,3,2,2019.09.
빌라 효성빌라,빌라/연립,2060160542,-,1,3,3,1,-,-,1987.02.
래미안강동팰리스 102동,주상복합,2060084671,-,44,44,4,2,2017.07.
주공저층2단지 211동,재건축,2060073057,동,4,5,3,1,1980.01.
주공저층1단지 101동,재건축,2060069684,남,3,5,3,1,1980.01.
고덕그라시움 149동,아파트,2059844527,남동,23,25,3,2,2019.09.
주공저층2단지 222동,재건축,2060071290,동,3,5,3,1,1980.01.
고덕그라시움 106동,아파트,2059952638,남동,20,27,3,2,2019.09.
프라자 2동,아파트,2059918239,남동,중,15,3,1,1984.12.
주공저층1단지 108동,재건축,2060064411,남,5,5,3,1,1980.01.
,,,,,,
다성이즈빌(169-9) 1동,오피스텔,2059914440,동,5,10,1,1,2016.09.
주공고층3단지 320동,재건축,2060063543,동,3,10,2,1,1980.12.
성원 1동,아파트,2059294145,남,중,13,3,1,1998.09.
주공고층3단지 303동,재건축,2060071981,동,2,10,3,1,1980.12.
주공저층2단지 215동,재건축,2060072589,동,3,5,0,0,1980.01.
한화오벨리스크스위트 1동,오피스텔,2059919877,서,5,15,3,2,2005.10.
주공저층1단지 110동,재건축,2060025510,남,2,5,3,1,1980.01.
주공고층3단지 312동,재건축,2060025858,남,10,10,3,1,1980.12.
주공저층1단지 115동,재건축,2060066835,동,5,5,3,1,1980.01.
주공고층3단지 304동,재건축,2060072340,서,5,10,3,1,1980.12.
강동와이시티 1동,오피스텔,2059945546,남동,5,6,1,1,2014.01.
천호우성 3동,아파트,2059947706,동,1,13,3,1,1985.02.
래미안강동팰리스 101동,주상복합,2059252505,남서,중,44,3,2,2017.07.
고덕리엔파크2단지 207동,아파트,2059250773,남,고,17,4,2,2011.01.
강일포디움 1동,오피스텔,2059233714,남,중,10,1,1,2016.03.
고덕센트럴푸르지오 102동,주상복합,2058735676,남서,저,36,3,2,2020.09.
둔촌하이츠 1동,아파트,2059191500,남,고,20,4,2,1998.05.
상가주택,상가주택,2059097544,남,6,2,2,2,
현대1차 10동,아파트,2059204512,남,중,14,3,1,1984.11.
연립 상신연립,빌라/연립,2057507152,남,2,3,2,1,-,12,1986.05.
서희스타힐스 1동,오피스텔,2057723510,-,14,17,1,1,2012.08.
래미안솔베뉴 106동,아파트,2060271738,남서,저,35,3,2,2019.06.
,,,,,,
아남 5동,아파트,2060347641,남,중,19,3,2,1996.03.
고덕그라시움 128동,아파트,2060788054,남,고,13,3,2,2019.09.
프라이어팰리스 105동,아파트,2060785518,남동,저,30,3,2,2007.07.
고덕그라시움 113동,아파트,2060788767,남동,저,27,3,2,2019.09.
고덕아르테온 328동,아파트,2060790306,남,중,22,3,2,2020.02.
고덕그라시움 151동,아파트,2060793452,남서,고,24,4,2,2019.09.
고덕아르테온 301동,아파트,2060789326,동,중,21,3,2,2020.02.
프라이어팰리스 105동,아파트,2060775390,남서,중,30,3,2,2007.07.
고덕그라시움 126동,아파트,2060787491,남동,저,21,3,2,2019.09.
강동롯데캐슬퍼스트 138동,아파트,2060739660,남동,저,33,3,2,2008.09.
프라이어팰리스 111동,아파트,2060771229,남동,중,25,3,2,2007.07.
단지내상가,상가점포,2060123329,1,11,-,2019.10.
빌라 강동그랜드빌,빌라/연립,2060136533,남,4,6,2,1,28,28,
프라이어팰리스 112동,아파트,2060770295,남서,저,25,3,2,2007.07.
빌라 강동그랜드빌,빌라/연립,2060143346,남,3,6,3,2,28,28,
강동롯데캐슬퍼스트 106동,아파트,2060744934,남동,중,33,3,2,2008.09.
빌라 명문아이빌,빌라/연립,2060134363,동,4,6,3,2,50,60,2016.07.
강동롯데캐슬퍼스트 105동,아파트,2060755476,-,저,33,4,2,2008.09.
강동QV1차(도시형) 1동,아파트,2060137873,-,8,20,1,1,2013.02.
고덕아르테온 303동,아파트,2060628771,남,중,31,3,2,2020.02.
,,,,,,
빌딩 오피스나인,빌딩/건물,2060124495,6,1988.08.
강동롯데캐슬퍼스트 115동,아파트,2060751540,남,중,29,3,2,2008.09.
빌라 삼성그린빌라,빌라/연립,2060130478,남,1,3,4,2,2,80,1999.01.
고덕그라시움 142동,아파트,2060730359,남서,고,21,3,2,2019.09.
,,,,,,
단독,단독/다가구,2060131469,-,8,4,-,-,1981.12.
고덕아르테온 317동,아파트,2060740416,남,고,25,3,2,2020.02.
e편한세상강동에코포레 103동,아파트,2060134681,북서,4,21,3,2,2020.04.
빌라,빌라/연립,2060112342,-,5,6,2,1,10,15,2016.01.
일반상가,상가점포,2060116795,1,11,1,2019.01.
빌라 청일하이츠빌라,빌라/연립,2060089194,남,2,4,3,1,6,16,1991.12.
단지내상가,상가점포,2060122616,1,11,-,2019.10.
빌라 장원아트빌,빌라/연립,2060081381,남,5,5,2,1,8,8,2008.01.
단지내상가,상가점포,2060116293,2,15,90,2006.01.
빌라 드림하우스,빌라/연립,2060087107,서,5,6,3,2,8,10,2013.11.
,,,,,,
빌라 에벤에셀나래하우스,빌라/연립,2060076225,동,6,8,1,1,30,40,2016.05.
빌라,빌라/연립,2060084799,남,5,5,4,2,8,8,2019.02.
,,,,,,
주공고층4단지 436동,재건축,2060073427,남,3,10,3,1,1980.12.
단독 단독주택,단독/다가구,2060087764,-,13,,-,7,1990.01.
빌라 한강루치벨,빌라/연립,2060116365,북동,5,5,16,8,6,8,2016.04.
상가건물,상가건물,2060121227,4,1983.01.
단독,단독/다가구,2060075818,-,,,-,-,
빌라 성경빌라4차,빌라/연립,2060098026,남,3,5,3,2,7,-,2002.12.
까사806(도시형) 1동,아파트,2060118218,-,5,6,1,1,2018.08.
빌라 주변지하철5개 초역세권 신축빌라,빌라/연립,2060106592,-,4,6,3,1,-,15,2019.01.
빌라,빌라/연립,2060113463,-,5,6,2,1,7,15,2015.01.
빌라 데헤리움,빌라/연립,2060067580,남동,5,6,3,1,10,12,2016.05.
다가구,단독/다가구,2060054980,-,,,11,-,
다가구,단독/다가구,2060057654,-,,,-,-,
빌라,빌라/연립,2060068665,-,6,8,1,1,20,22,2016.05.
주공고층4단지 411동,재건축,2060063103,남,9,10,3,1,1980.12.
기타 일성하이츠오피스텔,빌라/연립,2060043808,-,11,17,1,1,95,-,1993.09.
주공고층4단지 422동,재건축,2060070549,동,5,10,3,1,1980.12.
상가주택,상가주택,2060072345,서,8,4,3,3,2003.01.
,,,,,,
단독,단독/다가구,2060048602,-,,,-,7,
다가구,단독/다가구,2060045305,남,10,,-,5,
빌라,빌라/연립,2060067569,북,2,5,1,1,8,12,2019.07.
빌딩,빌딩/건물,2060057052,6,2018.01.
기타 일성하이츠오피스텔,빌라/연립,2060043990,-,11,17,1,1,95,-,1993.09.
빌라 아성플러스,빌라/연립,2060062816,남서,6,7,3,2,1,-,2020.05.
단독,단독/다가구,2060056364,-,,,1,-,
빌라 암사팰리스빌3,빌라/연립,2060060335,서,3,5,3,2,8,-,2004.01.
빌라 푸른빌,빌라/연립,2060052918,남,5,5,2,1,7,7,2007.01.
기타,기타,2060055620,7,
빌라,빌라/연립,2060055571,남,5,6,2,1,11,15,2016.01.
빌라,빌라/연립,2059917563,남동,3,5,3,1,6,8,2015.05.
빌라 다성이즈빌,빌라/연립,2059925516,-,6,10,,,1,-,2016.09.
,,,,,,
빌라 다성이즈빌,빌라/연립,2059915916,-,12,12,,,1,-,2017.08.
빌라,빌라/연립,2059918041,남동,2,5,3,1,9,11,2015.08.
빌라,빌라/연립,2059916870,동,5,6,3,2,1,-,
빌라 다성이즈빌,빌라/연립,2059923938,-,9,10,,,1,-,
빌라,빌라/연립,2059962346,-,4,6,2,1,-,-,2016.05.
기타 일성하이츠오피스텔,빌라/연립,2060043564,-,11,17,1,1,95,-,1993.09.
다가구,단독/다가구,2059924374,남,10,,-,-,1987.01.
빌라 두원빌라,빌라/연립,2059929259,남,2,6,2,1,1,14,2015.08.
집앤사스윗사이드(도시형) 1동,아파트,2059921831,남서,3,7,1,1,2019.07.
전,토지/임야,2059930664
기타 일성하이츠오피스텔,빌라/연립,2060042533,-,11,17,1,1,95,-,1993.09.
빌라 그린타운 2동,빌라/연립,2060034721,-,2,4,,,5,-,1991.09.
빌라 예건베스트빌,빌라/연립,2060034605,동,5,5,2,1,11,16,2012.04.
빌라,빌라/연립,2059940259,-,5,5,3,1,1,-,
중소형사무실,사무실,2059920708,2,15,-,-,2003.07.
빌라 다성이즈빌,빌라/연립,2059914942,-,11,12,,,1,-,2017.08.
현대1차 10동,아파트,2060036680,남,3,14,3,1,1984.11.
주공고층4단지 435동,재건축,2059821013,-,4,10,3,1,1980.12.
주공저층1단지 107동,재건축,2059818674,남,3,5,3,1,1980.01.
고덕센트럴푸르지오 B동,오피스텔,2059898873,남,3,4,2,1,2020.09.
빌라 신주빌라,빌라/연립,2059914454,남,2,5,3,2,7,7,2008.06.
주공고층3단지 310동,재건축,2059820251,남,9,10,3,1,1980.12.
한강현대 101동,아파트,2059892197,남,저,27,3,1,1999.05.
주공고층3단지 317동,재건축,2059820609,남,7,10,3,1,1980.12.
고덕그라시움 110동,아파트,2059841387,남동,27,27,3,2,2019.09.
코오롱1차 102동,아파트,2059909322,남,9,21,3,1,1999.05.
기타 런던빌,빌라/연립,2059876647,남,4,5,3,2,6,8,2016.06.
주공고층4단지 436동,재건축,2059821377,-,6,10,3,1,1980.12.
명일LG 101동,아파트,2059867934,남,2,23,3,2,1999.12.
신주 1동,아파트,2059861560,동,6,6,3,2,2003.07.
주공저층2단지 215동,재건축,2059819095,남,3,5,3,1,1980.01.
주공고층3단지 319동,재건축,2059819862,남,8,10,2,1,1980.12.
주공고층4단지 421동,재건축,2059821819,-,6,10,3,1,1980.12.
길동우성 102동,아파트,2059903160,-,2,18,3,2,1994.10.
래미안솔베뉴 107동,아파트,2059846250,남,35,35,4,2,2019.06.
주공고층4단지 403동,재건축,2059830843,남동,7,10,3,1,1980.12.
주공저층2단지 218동,재건축,2059819482,남,3,5,0,0,1980.01.
강동디앤써밋 101동,오피스텔,2059783744,-,4,8,2,1,2019.05.
암사e-편한세상 101동,아파트,2059030500,동,중,13,3,2,2005.10.
고덕아르테온 339동,아파트,2058987021,남서,중,34,3,2,2020.02.
성내삼성 202동,아파트,2059816567,남,13,24,4,2,1999.09.
천호우성 5동,아파트,2059023866,-,저,13,3,1,1985.02.
고덕아르테온 317동,아파트,2059295377,남,7,25,3,2,2020.02.
강일리버파크3단지 301동,아파트,2058995219,-,중,14,3,2,2009.03.
천호삼성 103동,아파트,2059809269,남,5,20,3,1,1997.05.
고덕아르테온 337동,아파트,2059015853,남동,중,22,3,2,2020.02.
,,,,,,
강일리버파크7단지 710동,아파트,2059293765,남동,고,14,3,2,2009.06.
,,,,,,
주공저층1단지 137동,재건축,2059818090,남,2,5,3,1,1980.01.
경지아리움 1동,주상복합,2059689193,서,11,16,1,1,2019.06.
청광노블하임 1동,오피스텔,2059783898,동,14,15,1,1,2004.02.
,,,,,,
고덕아르테온 331동,아파트,2059070296,남동,저,31,3,2,2020.02.
다가구,단독/다가구,2059256619,-,,,-,6,
천호e-편한세상 102동,아파트,2058965513,남서,고,13,3,2,2005.10.
강변그대가 103동,아파트,2059059456,남서,저,15,3,2,2007.02.
강동롯데캐슬퍼스트 126동,아파트,2058760605,남서,8,30,3,2,2008.09.
고덕래미안힐스테이트 212동,아파트,2058782168,남,고,18,3,2,2016.12.
천호e-편한세상 102동,아파트,2058961344,남서,저,13,3,2,2005.10.
천호e-편한세상 102동,아파트,2058962470,남서,고,13,3,2,2005.10.
빌라,빌라/연립,2055748971,남,6,16,1,1,-,-,
고덕아이파크 112동,아파트,2057670378,남,3,12,3,2,2011.12.
빌라,빌라/연립,2055764329,-,3,6,2,1,19,-,2019.12.
빌라,빌라/연립,2057653693,-,4,6,3,2,1,15,2014.01.
빌라,빌라/연립,2055716324,남,3,7,3,2,50,-,
강일리버파크6단지 603동,아파트,2057449062,남,4,15,3,2,2009.03.
명일현대 102동,아파트,2057705602,-,14,15,2,1,1988.10.
,,,,,,
연립 평안빌라,빌라/연립,2057712361,-,-1,4,3,1,10,10,1993.01.
강일리버파크3단지 301동,아파트,2057673310,남,11,14,3,2,2009.03.
청광플러스원큐브2차 1동,주상복합,2057412724,남,6,19,1,1,2013.07.
빌라,빌라/연립,2057734430,남서,2,6,3,1,10,10,2016.02.
빌라,빌라/연립,2055779361,남동,2,6,2,1,12,15,2020.04.
빌라 한솔아트빌,빌라/연립,2057698813,남,2,6,3,1,8,10,2014.09.
상가주택,상가주택,2057676114,남,,,-,-,
고덕래미안힐스테이트 111동,아파트,2060798594,남서,중,29,3,2,2016.12.
고덕아이파크 107동,아파트,2060379779,남,고,20,4,2,2011.12.
고덕아르테온 309동,아파트,2060549084,남,고,25,3,2,2020.02.
,,,,,,
,,,,,,
고덕래미안힐스테이트 209동,아파트,2060796834,남동,중,34,3,2,2016.12.
고덕아르테온 327동,아파트,2060590163,남서,중,22,3,2,2020.02.
상가주택 상가주택,상가주택,2059911160,남,3,2,4,3,2009.12.
,,,,,,
프라이어팰리스 120동,아파트,2060530075,남서,고,22,4,2,2007.07.
다가구,단독/다가구,2059905006,남동,23,12,6,11,2016.12.
중앙하이츠 101동,아파트,2059908812,남,9,16,3,1,1998.12.
프라이어팰리스 109동,아파트,2060515770,남동,저,25,4,2,2007.07.
고덕아르테온 321동,아파트,2060510811,남,중,14,3,2,2020.02.
고덕래미안힐스테이트 308동,아파트,2060797035,동,중,17,3,2,2016.12.
,,,,,,
고덕그라시움 149동,아파트,2060616202,남,중,25,3,2,2019.09.
강동롯데캐슬퍼스트 128동,아파트,2060563705,남서,고,34,4,2,2008.09.
빌라,빌라/연립,2059909848,-,6,6,3,1,16,20,2015.01.
고덕자이 113동,아파트 분양권,2060761010,남,고,29,4,2,2021.02.
고덕그라시움 145동,아파트,2060495763,남,고,15,3,2,2019.09.
빌딩,빌딩/건물,2059871802,41,2018.09.
빌라,빌라/연립,2059893601,-,3,6,3,2,-,-,
빌라 초원아트빌,빌라/연립,2059889984,북동,5,5,3,,7,-,2005.08.
다가구,단독/다가구,2059901377,-,,,-,-,
빌라,빌라/연립,2059896734,-,4,4,3,2,4,-,2002.12.
빌라,빌라/연립,2059876201,-,1,3,3,1,4,-,1996.06.
,,,,,,
빌라 동하에코빌2차,빌라/연립,2059874881,동,3,6,3,2,11,15,2016.08.
빌라,빌라/연립,2059888841,남동,2,8,1,1,12,20,2017.10.
단지내상가 베니,상가점포,2059870656,-1,14,26,2019.11.
빌라,빌라/연립,2059901811,북,6,6,2,1,11,15,2018.06.
빌라 제이하우스,빌라/연립,2059875904,동,5,5,14,8,5,6,2012.08.
빌라 로얄하우스빌 B동,빌라/연립,2059887019,남동,2,5,3,2,3,4,2001.10.
단지내상가 비디,상가점포,2059873029,1,11,-,2019.01.
빌라,빌라/연립,2059867222,남서,2,2,3,1,-,6,1986.08.
다가구,단독/다가구,2059867790,동,,,2,8,1988.11.
천호삼성 101동,아파트,2059871152,남동,4,20,4,2,1997.05.
단지내상가 비키,상가점포,2059867889,-1,12,21,2019.12.
빌라 동서빌라,빌라/연립,2059888812,-,3,3,2,,3,-,1991.11.
단지내상가 다성 이즈빌,상가점포,2059903922,1,16,1,2015.07.
빌딩,빌딩/건물,2059852020,-,
복합상가 천호역세권 대로변,상가점포,2059861063,1,30,1,2015.03.
강동큐브2차(도시형) 1동,아파트,2059834012,서,8,15,1,1,2013.04.
빌라 미호리버빌,빌라/연립,2059839589,남동,4,5,3,1,10,12,2013.06.
빌라,빌라/연립,2059854909,남동,6,6,2,1,-,-,
현진리버파크 1동,주상복합,2059842227,남서,3,10,1,1,2017.12.
다가구,단독/다가구,2059859743,-,,,2,-,
하이브 1동,주상복합,2059861346,-,9,13,3,2,2006.11.
빌라,빌라/연립,2059842100,-,5,6,2,1,8,-,
다가구,단독/다가구,2059856645,-,,,4,-,2002.02.
빌라 우건빌라,빌라/연립,2059851302,동,-1,4,3,2,13,19,1991.01.
빌라 그린빌라,빌라/연립,2059854158,남,-1,3,3,1,4,-,1997.03.
빌라 미세움,빌라/연립,2059853166,남,2,6,2,1,1,-,2014.09.
빌라 삼성슈퍼빌,빌라/연립,2059835107,-,2,5,,,8,-,2012.01.
빌라,빌라/연립,2059856233,-,2,6,3,2,1,-,2016.05.
현진리버파크 1동,주상복합,2059841877,남동,5,10,1,1,2017.12.
빌라 선사아랫마을 구빌라,빌라/연립,2059866707,서,2,3,3,1,3,6,1999.04.
빌라,빌라/연립,2059852818,남동,5,6,3,,1,-,2015.01.
,,,,,,
빌라 채움아트빌,빌라/연립,2059841244,남동,3,5,3,1,6,8,2010.05.
단지내상가 천호동 상가 급매,상가점포,2059815380,1,6,-,
일반상가 성산타워,상가점포,2059810605,3,5,1,2020.01.
빌라,빌라/연립,2059794846,-,4,6,2,1,29,29,
일반상가 성산타워,상가점포,2059811500,4,5,1,2020.01.
일반상가 성산타워,상가점포,2059794793,1,5,1,2020.01.
빌라,빌라/연립,2059815849,동,3,6,3,1,150,168,2019.02.
빌라 광명빌라,빌라/연립,2059803630,-,4,4,,,3,10,1993.06.
빌라 메이저빌,빌라/연립,2059795839,-,2,5,2,1,8,-,2003.09.
현대코아(천호아이파크) 1동,주상복합,2059803265,북,23,25,2,1,1999.02.
빌라,빌라/연립,2059829139,남동,1,2,3,1,-,6,
빌라 PLUS,빌라/연립,2059831416,북서,5,5,17,10,7,10,2007.08.
기타 디와이디도시공간,빌라/연립,2059833023,-,4,7,2,,-,-,2016.07.
상가주택,상가주택,2059797444,-,,,-,-,
빌라 동보하이빌,빌라/연립,2059795452,-,5,5,3,1,6,8,2003.02.
일반상가 성산타워,상가점포,2059793775,2,5,2,2020.01.
일반상가 성산타워,상가점포,2059811028,3,5,1,2020.01.
일반상가 성산타워,상가점포,2059795251,3,5,1,2020.01.
빌라 다성이즈빌,빌라/연립,2059784512,남,10,10,1,1,20,40,2016.08.
빌라 삼성아트빌,빌라/연립,2059788361,-,3,6,3,1,9,-,2012.02.
강일큐브 1동,오피스텔,2059830087,남,7,10,1,1,2012.09.
신암가온 1동,주상복합,2059651730,남,3,10,2,1,2002.07.
빌라,빌라/연립,2059675163,서,3,6,3,2,23,14,2018.06.
연립,빌라/연립,2059693075,북동,2,2,3,1,-,-,1986.01.
트레벨 1동,오피스텔,2059622307,서,12,15,1,1,2003.06.
다성이즈빌(도시형) 1동,아파트,2059609466,남,3,9,1,1,2012.04.
,,,,,,
라인 101동,아파트,2059629937,남,18,19,2,1,1996.01.
길동이룸3차 1동,아파트,2059650075,-,7,8,3,2,2005.06.
,,,,,,
일반상가 다성 이즈빌,상가점포,2059704797,1,16,2,2015.06.
,,,,,,
현대2차 101동,아파트,2059634165,-,8,12,2,1,1988.01.
연립 동신아트빌라 가동,빌라/연립,2059770177,동,-1,2,3,1,1,-,1994.02.
다성이즈빌(도시형) 1동,아파트,2059608937,북,7,9,1,1,2012.04.
빌라 명문아이빌,빌라/연립,2059770231,-,3,6,3,2,1,-,2016.05.
탑스위트 1동,오피스텔,2059683417,남,9,10,1,1,2002.02.
빌라 Happy,빌라/연립,2059784216,-,5,5,2,1,8,-,2007.11.
빌라 대신빌라,빌라/연립,2059687043,남동,2,4,3,1,7,7,2008.08.
빌라,빌라/연립,2059672140,-,2,5,3,1,1,-,
아이퍼스트빌 1동,주상복합,2059634609,남동,7,16,1,1,2012.04.
강동역SK허브 1동,주상복합,2058745613,서,중,24,3,2,2006.12.
한화오벨리스크스위트 1동,오피스텔,2058856465,-,저,15,3,2,2005.10.
고덕아르테온 334동,아파트,2059300405,남동,16,21,3,2,2020.02.
고덕주공9단지 909동,아파트,2058855156,남,고,15,3,1,1985.11.
고덕센트럴푸르지오 A동,오피스텔,2059576340,-,3,7,1,1,2020.09.
프라자 4동,아파트,2059607060,-,4,15,4,2,1984.12.
고덕롯데캐슬베네루체 701동,아파트,2058818476,남,저,13,3,2,2019.12.
금성타운 1동,아파트,2058824640,남,중,9,3,2,1997.11.
정암하이빌 1동,오피스텔,2059568166,서,2,11,1,1,2003.12.
다가구,단독/다가구,2059035732,북,,,-,-,
태천해오름(427-74) 1동,아파트,2059449776,남동,2,6,3,2,2005.03.
둔촌신성미소지움2차 202동,아파트,2058990500,남,중,21,4,2,2000.12.
래미안강동팰리스 102동,주상복합,2058743023,남,중,44,3,2,2017.07.
,,,,,,
신동아 8동,아파트,2058807708,남,저,15,3,1,1986.02.
삼진 1동,아파트,2059453412,동,1,7,3,2,1995.05.
주공저층2단지 234동,재건축,2059559952,남,3,5,3,1,1980.01.
서희스타힐스 1동,오피스텔,2059586389,-,중,17,1,1,2012.08.
고덕센트럴푸르지오 B동,오피스텔,2059580084,-,4,4,2,1,2020.09.
강동역SK허브 1동,주상복합,2058744602,남,중,24,3,2,2006.12.
강일포디움 1동,오피스텔,2058736617,동,저,10,1,1,2016.03.
강동역신동아파밀리에 1101동,주상복합,2058715957,남,저,41,4,2,2015.07.
라이프 101동,아파트,2058118970,남,중,12,3,2,1993.03.
다가구 성우스타 팰리스5차,단독/다가구,2057070256,남동,1,1,21,-,
"다성이즈빌(169-6,도시형) 1동",아파트,2057280785,동,11,12,1,1,2018.07.
강동역SK허브 101동,오피스텔,2057294868,남,2,8,1,1,2006.12.
노블레스 오피스텔동,오피스텔,2057293018,동,4,10,1,1,2004.03.
빌라 한울글로리,빌라/연립,2057497548,서,4,5,2,1,11,11,2008.06.
빌라 더힐스빌,빌라/연립,2057522777,남동,7,9,2,1,1,-,
강동롯데캐슬퍼스트 120동,아파트,2057537706,남서,23,30,3,2,2008.09.
고덕그라시움 127동,아파트,2059038864,남,11,15,3,2,2019.09.
한강현대 101동,아파트,2059267961,남동,7,27,3,1,1999.05.
고덕그라시움 124동,아파트,2059039506,남서,23,29,3,2,2019.09.
래미안솔베뉴 112동,아파트,2057285973,남,17,24,3,2,2019.06.
고덕아르테온 328동,아파트,2060373225,남,저,22,3,2,2020.02.
고덕그라시움 128동,아파트,2060374262,남,고,13,3,2,2019.09.
강동이루미 101동,아파트,2060527396,-,고,13,3,2,2005.12.
,,,,,,
,,,,,,
고덕그라시움 125동,아파트,2060377856,남,고,29,3,2,2019.09.
,,,,,,
고덕그라시움 142동,아파트,2060354140,남서,중,21,3,2,2019.09.
고덕아르테온 319동,아파트,2060372280,남,고,13,3,2,2020.02.
빌라 에코빌,빌라/연립,2059664864,남,5,5,1,1,5,10,2010.05.
강동롯데캐슬퍼스트 133동,아파트,2060322163,남,저,24,3,2,2008.09.
강동롯데캐슬퍼스트 129동,아파트,2060299075,남,저,31,3,2,2008.09.
빌딩 동광타워,빌딩/건물,2059665563,-,
빌라,빌라/연립,2059656438,-,2,5,3,1,1,-,
상가건물 길동역 상가건물,상가건물,2059655817,2,1983.05.
고덕센트럴푸르지오 101동,주상복합,2060330796,남동,중,36,3,2,2020.09.
고덕아르테온 322동,아파트,2060359239,남,중,14,3,2,2020.02.
고덕래미안힐스테이트 118동,아파트,2060149100,남동,중,29,3,2,2016.12.
빌라,빌라/연립,2059657153,서,3,7,3,2,15,15,2020.05.
,,,,,,
고덕아르테온 316동,아파트,2060352372,남,중,32,3,2,2020.02.
강동롯데캐슬퍼스트 116동,아파트,2060276449,남,고,29,4,2,2008.09.
고덕센트럴푸르지오 101동,주상복합,2060353729,남동,저,36,3,2,2020.09.
,,,,,,
고덕아르테온 320동,아파트,2060266347,남,중,25,4,2,2020.02.
빌라,빌라/연립,2059669559,동,7,7,3,2,10,-,2020.01.
상가건물,상가건물,2059626844,-,
빌라 현대골든파인,빌라/연립,2059643871,-,5,5,2,1,8,15,2012.11.
단독,단독/다가구,2059606963,-,,,-,-,1988.01.
복합상가,상가점포,2059644317,1,12,60,2006.01.
빌라,빌라/연립,2059623453,남,2,5,3,2,8,8,2015.07.
복합상가,상가점포,2059643133,1,20,-,
빌라,빌라/연립,2059647371,서,3,7,3,2,14,15,2020.05.
빌라 거성아트맨션 2차,빌라/연립,2059608510,남서,-1,4,3,1,4,8,1994.04.
단독,단독/다가구,2059605150,남,,,-,-,1986.06.
고덕역효성해링턴타워더퍼스트 1동,오피스텔 분양권,2059642984,북,17,20,1,1,2020.11.
빌라,빌라/연립,2059626936,-,2,6,3,1,1,-,2017.01.
빌라,빌라/연립,2059650637,-,3,6,3,2,12,14,2012.12.
빌딩,빌딩/건물,2059606415,-,
단독,단독/다가구,2059653815,북동,3,2,-,1,1980.07.
다가구,단독/다가구,2059631098,동,7,5,-,5,1992.01.
빌라 오성빌라,빌라/연립,2059627772,남,3,4,2,1,4,-,1994.03.
단지내상가,상가점포,2059620251,2,3,20,
상가주택,상가주택,2059601617,남동,28,14,14,14,2019.03.
빌라,빌라/연립,2059629486,북동,1,2,3,1,-,-,
복합상가,상가점포,2059643344,2,20,-,
빌라,빌라/연립,2059544532,남,4,6,3,2,1,20,2013.01.
빌라 HERA House,빌라/연립,2059592401,남,3,6,2,1,5,-,2014.04.
빌딩,빌딩/건물,2059544332,-,
주공고층4단지 431동,재건축,2059556225,남,10,10,3,1,1980.12.
빌라 이명그린힐,빌라/연립,2059548385,남,6,6,3,1,8,10,2013.10.
고덕리엔파크2단지 204동,아파트,2059579353,남,5,12,3,2,2011.01.
빌라,빌라/연립,2059600207,남동,5,5,24,16,10,8,2015.01.
빌딩,빌딩/건물,2059559885,-,1993.09.
빌라,빌라/연립,2059563671,-,5,5,,,1,-,
복합상가,상가점포,2059553825,1,8,-,
다가구,단독/다가구,2059560014,-,,,6,11,2002.01.
일반상가,상가점포,2059569544,8,10,-,2013.05.
전,토지/임야,2059564903
단독,단독/다가구,2059580997,동,3,1,-,1,1973.04.
빌라,빌라/연립,2059543918,남,1,3,3,1,1,6,1993.12.
다가구,단독/다가구,2059588164,남동,3,2,8,-,
빌라,빌라/연립,2059563093,-,9,13,1,1,1,-,2019.12.
라움포레 1동,아파트 분양권,2059575942,남,7,7,3,2,2020.11.
빌라,빌라/연립,2059593336,-,4,5,3,1,8,8,2003.01.
단독,단독/다가구,2059601144,-,,,-,-,
빌라,빌라/연립,2059532977,남,6,6,3,2,1,-,2016.06.
둔촌하이츠 1동,아파트,2058733863,동,중,20,3,1,1998.05.
빌딩,빌딩/건물,2059426216,9,
단지내상가 대단지 단지전면상가,상가점포,2058807303,2,2,8,2009.01.
빌딩,빌딩/건물,2059425067,6,
단독,단독/다가구,2059299171,북동,5,3,-,-,
빌라 수정빌라,빌라/연립,2059543355,남,4,4,3,1,5,10,1993.07.
상가주택,상가주택,2059405500,남,,,3,-,
단지내상가 대동피렌체리버,상가점포,2059301643,-1,14,-,2002.06.
단독,단독/다가구,2059301095,동,8,4,-,-,
고덕롯데캐슬베네루체 706동,아파트,2058858420,-,고,20,3,2,2019.12.
상가건물,상가건물,2059425869,-,
빌라,빌라/연립,2059542199,남,5,5,2,1,6,8,2002.01.
빌라,빌라/연립,2059541331,-,4,6,2,1,1,-,
고덕롯데캐슬베네루체 717동,아파트,2058765936,남,고,17,3,2,2019.12.
천호역한강푸르지오시티 1동,오피스텔,2059306083,남,12,35,1,1,2015.07.
빌라,빌라/연립,2059215285,동,2,6,3,2,1,-,2019.01.
둔촌신성미소지움 101동,아파트,2058738223,남,저,24,4,2,1998.05.
복합상가,상가점포,2059306770,14,14,100,
단지내상가,상가점포,2059301938,8,14,97,2003.12.
고덕아르테온 335동,아파트,2058530414,남동,중,21,3,2,2020.02.
대형사무실,사무실,2058732799,6,7,-,1,
래미안강동팰리스 103동,주상복합,2058610260,남서,고,45,3,2,2017.07.
강변그대가갤럭시 203동,아파트,2058544908,남서,중,15,3,2,2009.04.
다오아트빌 1동,아파트,2058503137,-,저,10,3,2,2001.07.
고덕주공9단지 902동,아파트,2058562927,남,저,15,3,1,1985.11.
고덕그라시움 128동,아파트,2058503956,남,고,13,3,2,2019.09.
,,,,,,
강동역신동아파밀리에 1101동,주상복합,2058507185,동,저,41,4,2,2015.07.
천호태영 106동,아파트,2058282438,남동,1,23,4,2,1999.11.
한강훼미리 1동,주상복합,2058596445,-,중,7,3,2,2004.07.
고덕주공9단지 913동,아파트,2058567883,남,고,15,3,1,1985.11.
삼성광나루 104동,아파트,2060800027,남,고,26,4,2,2002.11.
고덕래미안힐스테이트 117동,아파트,2060802239,남동,저,23,3,2,2016.12.
천호삼성 103동,아파트,2060798560,-,중,20,3,1,1997.05.
삼성광나루 102동,아파트,2060808500,남동,중,28,2,2,2002.11.
삼성광나루 103동,아파트,2060804357,북동,중,24,3,2,2002.11.
선사현대 114동,아파트,2060800191,남동,고,28,3,2,2000.06.
고덕롯데캐슬베네루체 709동,아파트,2060799200,남서,고,29,3,2,2019.12.
강일리버파크2단지 206동,아파트,2060797566,-,중,13,3,2,2009.03.
고덕롯데캐슬베네루체 709동,아파트,2060779765,남동,고,29,3,2,2019.12.
,,,,,,
고덕아이파크 110동,아파트,2060787690,남,고,17,3,2,2011.12.
고덕래미안힐스테이트 303동,아파트,2060780709,동,저,19,3,2,2016.12.
고덕주공9단지 904동,아파트,2060794385,남,저,15,3,1,1985.11.
선사현대 110동,아파트,2060776803,남동,저,25,3,1,2000.06.
선사현대 107동,아파트,2060796154,북동,고,28,3,1,2000.06.
,,,,,,
아름누리 104동,아파트,2060776047,동,고,6,1,1,2014.09.
,,,,,,
삼익그린11차 701동,아파트,2060780617,남,저,15,3,1,1986.06.
,,,,,,
고덕래미안힐스테이트 303동,아파트,2060779778,남,중,19,3,2,2016.12.
암사e-편한세상 102동,아파트,2060789122,남,고,13,3,2,2005.10.
고덕래미안힐스테이트 114동,아파트,2060778519,남서,중,34,3,2,2016.12.
,,,,,,
고덕아이파크 108동,아파트,2060787031,남,중,20,4,3,2011.12.
,,,,,,
,,,,,,
,,,,,,
선사현대 107동,아파트,2060767649,북동,고,28,3,1,2000.06.
삼성광나루 104동,아파트,2060771323,남,저,26,4,2,2002.11.
고덕아르테온 314동,아파트,2060761187,남,중,25,4,2,2020.02.
,,,,,,
고덕래미안힐스테이트 117동,아파트,2060770326,남서,고,23,3,2,2016.12.
고덕래미안힐스테이트 207동,아파트,2060761463,남동,저,33,3,2,2016.12.
프라이어팰리스 122동,아파트,2060767928,남서,고,22,4,2,2007.07.
고덕리엔파크3단지 321동,아파트,2060757499,남,중,17,3,2,2011.01.
삼성광나루 102동,아파트,2060766518,-,저,28,2,1,2002.11.
삼성광나루 104동,아파트,2060768184,-,저,26,3,2,2002.11.
삼성광나루 102동,아파트,2060772277,남,중,28,2,2,2002.11.
고덕아르테온 317동,아파트,2060758573,남,중,25,3,2,2020.02.
고덕래미안힐스테이트 114동,아파트,2060774269,남서,저,34,3,2,2016.12.
고덕그라시움 131동,아파트,2060774569,남,고,13,3,2,2019.09.
천호태영 106동,아파트,2060768470,남동,고,23,4,2,1999.11.
고덕센트럴아이파크 519동,아파트,2060775327,남,고,16,4,2,2019.12.
,,,,,,
고덕래미안힐스테이트 305동,아파트,2060759780,남,고,31,3,2,2016.12.
삼성광나루 104동,아파트,2060756281,서,고,26,3,2,2002.11.
아름누리 104동,아파트,2060775839,동,저,6,2,1,2014.09.
선사현대 101동,아파트,2060753555,-,고,24,3,1,2000.06.
고덕그라시움 124동,아파트,2060753915,남동,중,29,3,2,2019.09.
고덕래미안힐스테이트 208동,아파트,2060739276,남,고,35,3,2,2016.12.
선사현대 112동,아파트,2060752415,남,중,25,3,2,2000.06.
고덕그라시움 142동,아파트,2060750844,남,고,21,3,2,2019.09.
고덕아르테온 321동,아파트,2060755381,남,고,14,3,2,2020.02.
선사현대 103동,아파트,2060742452,남동,저,25,2,1,2000.06.
고덕래미안힐스테이트 206동,아파트,2060747448,남동,저,29,3,2,2016.12.
고덕래미안힐스테이트 305동,아파트,2060748825,남동,중,31,3,2,2016.12.
선사현대 103동,아파트,2060754249,남동,고,25,2,1,2000.06.
고덕래미안힐스테이트 104동,아파트,2060739529,남,고,15,4,2,2016.12.
고덕래미안힐스테이트 120동,아파트,2060749528,남동,저,25,3,2,2016.12.
선사현대 110동,아파트,2060748191,남동,저,25,3,1,2000.06.
배재현대 102동,아파트,2060745427,동,고,22,3,1,1995.11.
고덕래미안힐스테이트 106동,아파트,2060742992,남,중,17,4,2,2016.12.
,,,,,,
고덕래미안힐스테이트 113동,아파트,2060750072,남서,고,35,3,2,2016.12.
한솔애리즈8차 801동,아파트,2060746869,남,저,7,3,2,2009.04.
고덕래미안힐스테이트 207동,아파트,2060746686,남서,저,33,3,2,2016.12.
프라이어팰리스 119동,아파트,2060739585,남동,중,25,3,2,2007.07.
고덕래미안힐스테이트 103동,아파트,2060625789,동,중,3,3,2,2016.12.
"신동아1,2차 5동",재건축,2060618863,동,중,12,2,1,1983.06.
고덕역갑을명가시티 1동,오피스텔,2060640952,북,고,15,1,1,2018.12.
,,,,,,
,,,,,,
선사현대 102동,아파트,2060738587,-,중,25,3,1,2000.06.
신동아 8동,아파트,2060626304,남,고,15,3,1,1986.02.
성인 1동,아파트,2059613968,-,고,7,3,1,2002.06.
동심훼밀리 1동,아파트,2060624282,동,중,7,3,2,2002.12.
고덕아이파크 113동,아파트,2060731709,-,고,12,3,2,2011.12.
고덕래미안힐스테이트 119동,아파트,2060641347,남동,중,29,4,2,2016.12.
고덕래미안힐스테이트 119동,아파트,2060732976,남동,중,29,4,2,2016.12.
선사현대 105동,아파트,2060642539,남서,고,25,3,1,2000.06.
고덕아르테온 330동,아파트,2060614294,남,중,22,3,2,2020.02.
고덕래미안힐스테이트 307동,아파트,2060639996,동,중,30,3,2,2016.12.
프라이어팰리스 112동,아파트,2060739045,남서,중,25,3,2,2007.07.
단독 둔촌동 단독주택,단독/다가구,2059913087,북서,10,5,-,5,1989.08.
고덕아이파크 110동,아파트,2060725880,-,고,17,3,2,2011.12.
한신 2동,아파트,2060627656,남,중,15,2,1,1991.03.
고덕아이파크 107동,아파트,2060728928,남,고,20,4,2,2011.12.
고덕롯데캐슬베네루체 713동,아파트,2059047343,남,25,29,3,2,2019.12.
둔촌신동아(파밀리에) 101동,아파트,2057010900,남,18,22,3,1,2002.11.
삼익파크맨숀 505동,아파트,2057002188,남,1,12,3,1,1982.09.
빌라 다성이즈빌,빌라/연립,2057240680,동,9,9,1,1,-,40,
고덕롯데캐슬베네루체 718동,아파트,2059037333,남,6,17,3,2,2019.12.
빌라,빌라/연립,2057299232,서,4,6,3,1,8,10,2016.11.
빌라 현진빌리지,빌라/연립,2057290765,남,2,5,3,1,8,8,2007.08.
빌라 성우스타팰리스,빌라/연립,2057239574,남,8,10,2,1,-,40,2018.01.
빌라 성우스타팰리스,빌라/연립,2056844442,남동,9,11,3,1,1,-,2017.05.
고덕센트럴푸르지오 103동,주상복합,2058736036,남동,20,35,3,2,2020.09.
,,,,,,
래미안솔베뉴 103동,아파트,2058716479,남,12,32,3,2,2019.06.
대우한강베네시티 102동,주상복합,2057029913,남서,22,22,3,2,2007.03.
둔촌신동아(파밀리에) 101동,아파트,2056970188,남,8,22,3,1,2002.11.
신주 1동,아파트,2057207923,-,2,6,3,2,2003.07.
삼화그린 1동,아파트,2056975093,남,5,7,4,2,2004.03.
고덕그라시움 145동,아파트,2057033418,남,2,15,3,2,2019.09.
래미안솔베뉴 103동,아파트,2058714870,남,13,32,3,2,2019.06.
다가구,단독/다가구,2057285869,동,10,5,-,5,1988.01.
빌라 드림하우스,빌라/연립,2057245673,-,4,6,3,2,8,10,2014.01.
빌라,빌라/연립,2055249341,남,-1,2,2,1,1,6,1987.11.
광남캐스빌(389-9) 1동,주상복합,2056542655,서,9,11,3,2,2005.05.
명일현대 102동,아파트,2056593636,남,8,15,2,1,1988.10.
빌라 명성빌라,빌라/연립,2056645098,남,4,5,3,1,5,-,2003.07.
빌라 성우스타팰리스,빌라/연립,2056844442,남동,9,11,3,1,1,-,2017.05.
빌라,빌라/연립,2055301036,동,3,6,3,2,1,-,
삼성광나루 103동,아파트,2060306075,남,고,24,5,2,2002.11.
고덕센트럴푸르지오 103동,주상복합,2060125846,남,저,35,3,2,2020.09.
고덕자이 114동,아파트 분양권,2060194666,남동,중,29,4,2,2021.02.
고덕아르테온 319동,아파트,2060100817,남,고,13,3,2,2020.02.
고덕롯데캐슬베네루체 716동,아파트,2060307475,남,중,16,3,2,2019.12.
고덕롯데캐슬베네루체 716동,아파트,2060326539,남,중,16,3,2,2019.12.
고덕센트럴아이파크 501동,아파트,2060336477,남서,중,22,3,2,2019.12.
고덕그라시움 108동,아파트,2060078452,남동,고,22,3,2,2019.09.
고덕그라시움 145동,아파트,2060117571,남동,고,15,3,2,2019.09.
래미안솔베뉴 112동,아파트,2060324070,남,고,24,3,2,2019.06.
고덕롯데캐슬베네루체 719동,아파트,2060374487,남,중,17,3,2,2019.12.
고덕숲아이파크 113동,아파트,2060092959,남,고,10,3,2,2018.03.
고덕그라시움 101동,아파트,2060282697,남동,중,35,4,2,2019.09.
래미안솔베뉴 105동,아파트,2060324299,남,저,24,3,2,2019.06.
주공저층1단지 103동,재건축,2059191018,남,1,5,3,1,1980.01.
고덕그라시움 146동,아파트,2059925918,남,고,15,3,2,2019.09.
주공저층1단지 108동,재건축,2059189611,남,2,5,3,1,1980.01.
주공저층2단지 203동,재건축,2059187854,동,1,5,3,1,1980.01.
고덕롯데캐슬베네루체 707동,아파트,2060040653,남동,중,25,3,2,2019.12.
주공저층2단지 220동,재건축,2059189994,남,5,5,3,1,1980.01.
고덕아르테온 319동,아파트,2059925389,남,고,13,3,2,2020.02.
주공고층3단지 303동,재건축,2059190333,서,9,10,3,1,1980.12.
고덕센트럴아이파크 503동,아파트,2059257879,남,6,29,3,2,2019.12.
,,,,,,
명일LG 101동,아파트,2060068198,남서,중,23,3,2,1999.12.
주공저층1단지 115동,재건축,2059187042,동,4,5,3,1,1980.01.
중앙하이츠 1동,아파트,2059263009,남,8,11,3,1,1998.07.
현대1차 11동,아파트,2059197376,동,7,11,3,1,1984.11.
주공저층2단지 229동,재건축,2059192139,동,5,5,0,0,1980.01.
,,,,,,
길동실버스타텔 1동,오피스텔,2059249920,북,4,10,1,1,1990.10.
주공고층3단지 310동,재건축,2059188206,남,5,10,3,1,1980.12.
고덕그라시움 118동,아파트,2059215155,남서,6,30,3,2,2019.09.
고덕아르테온 322동,아파트,2059284694,남동,12,14,3,2,2020.02.
고덕그라시움 152동,아파트,2059082459,남동,15,20,3,2,2019.09.
한양 4동,아파트,2058595496,남,중,15,4,2,1986.05.
성원 101동,아파트,2058261510,남,고,16,3,1,1995.09.
현대3차 201동,아파트,2058384122,남서,중,12,3,1,1988.06.
빌라 예건네스빌,빌라/연립,2058341221,남,5,5,3,1,8,8,2002.09.
강일리버파크10단지 1003동,아파트,2058073783,남,7,13,3,2,2009.04.
현대 102동,아파트,2058360862,남,저,18,3,1,1996.08.
래미안강동팰리스 103동,주상복합,2058251690,-,중,45,3,2,2017.07.
주공저층2단지 211동,재건축,2059080241,남동,4,5,3,1,1980.01.
래미안솔베뉴 109동,아파트,2058310501,남서,저,34,3,2,2019.06.
강일리버파크7단지 710동,아파트,2058266250,남,고,14,3,2,2009.06.
다가구,단독/다가구,2058582721,-,,,4,-,1992.01.
강동디앤써밋 102동,오피스텔,2058359252,남,4,8,2,1,2019.05.
,,,,,,
래미안강동팰리스 103동,주상복합,2060786953,-,고,45,3,2,2017.07.
,,,,,,
고덕센트럴아이파크 503동,아파트,2060792237,남서,저,29,3,2,2019.12.
고덕자이 115동,아파트 분양권,2060800152,남서,고,25,3,2,2021.02.
상가주택,상가주택,2060800679,-,11,5,2,5,
,,,,,,
다가구,단독/다가구,2060744245,남서,11,7,3,7,1986.08.
천호우성 5동,아파트,2060773652,남,고,13,3,1,1985.02.
빌라 주은빌라,빌라/연립,2060634777,남,3,4,3,1,6,5,2005.10.
빌라,빌라/연립,2060629811,-,3,3,2,1,-,8,1986.01.
상가주택,상가주택,2060628174,남,25,13,1,13,1988.09.
빌라,빌라/연립,2060629620,동,2,2,2,1,-,8,1987.12.
전원주택 암사동 전원마을,전원주택,2060732093,남,6,2,0,1,1980.08.
빌라,빌라/연립,2060629723,남,-1,3,3,1,-,-,
다가구 강동초 단독,단독/다가구,2060733376,동,13,5,1,5,1990.06.
전원주택 선사마을,전원주택,2060732318,남,7,3,0,3,1988.12.
다가구,단독/다가구,2060629550,-,,,-,-,
다가구,단독/다가구,2060629884,-,,,1,-,1988.01.
빌라 강남빌라,빌라/연립,2060638670,남동,5,5,3,2,1,18,2019.09.
고덕롯데캐슬베네루체 719동,아파트,2060752624,남,고,17,3,2,2019.12.
고덕롯데캐슬베네루체 719동,아파트,2060768148,남,고,17,3,2,2019.12.
삼익맨션(삼익가든) 5동,아파트,2060764160,남,저,10,5,2,1984.11.
선사현대 107동,아파트,2060750003,남동,중,28,3,2,2000.06.
상가주택,상가주택,2060728929,-,,,-,-,
고덕아이파크 101동,아파트,2060733929,남동,중,20,3,2,2011.12.
상가주택,상가주택,2060629486,남,,,-,-,1985.01.
삼성광나루 102동,아파트,2060610671,남동,중,28,2,2,2002.11.
고덕그라시움 102동,아파트,2060611208,남동,중,34,3,2,2019.09.
GS강동자이 110동,아파트,2060611502,남,고,19,4,2,2003.11.
"신동아1,2차 11동",재건축,2060608986,동,중,12,2,1,1983.06.
고덕래미안힐스테이트 118동,아파트,2060612207,남,저,29,3,2,2016.12.
,,,,,,
고덕래미안힐스테이트 111동,아파트,2060609607,남,중,29,3,2,2016.12.
고덕그라시움 110동,아파트,2060612722,남동,중,27,3,2,2019.09.
양촌 에이동,아파트,2060604183,남,중,5,3,2,2003.02.
고덕그라시움 149동,아파트,2060613859,남동,중,25,3,2,2019.09.
고덕롯데캐슬베네루체 710동,아파트,2060614129,남,고,19,3,2,2019.12.
고덕아르테온 321동,아파트,2060614860,남,중,14,3,2,2020.02.
,,,,,,
고덕아르테온 334동,아파트,2060615739,남동,저,21,3,2,2020.02.
고덕래미안힐스테이트 216동,아파트,2060617289,남,중,16,3,2,2016.12.
선사현대 103동,아파트,2060617531,남서,중,25,3,1,2000.06.
고덕그라시움 142동,아파트,2060610914,남,고,21,3,2,2019.09.
래미안솔베뉴 113동,아파트,2060602240,남동,중,35,3,2,2019.06.
고덕그라시움 125동,아파트,2060610399,남서,고,29,3,2,2019.09.
삼익그린맨션2차 509동,아파트,2060627188,남,중,15,4,2,1983.12.
고덕센트럴푸르지오 102동,주상복합,2060596917,남동,저,36,3,2,2020.09.
,,,,,,
성내e-편한세상1차 102동,아파트,2060573610,동,중,15,3,2,2003.11.
,,,,,,
천호삼성 101동,아파트,2060598304,-,고,20,4,2,1997.05.
삼성광나루 102동,아파트,2060587159,동,저,28,2,2,2002.11.
,,,,,,
명일중앙하이츠 1동,아파트,2060566287,남,중,13,3,2,1992.05.
고덕센트럴푸르지오 104동,주상복합,2060597057,남서,고,34,3,2,2020.09.
프라자 1동,아파트,2060562606,남,저,15,3,1,1984.12.
주공고층4단지 432동,재건축,2060539127,남,2,10,2,1,1980.12.
,,,,,,
,,,,,,
삼익그린맨션2차 509동,아파트,2060556302,남,고,15,4,2,1983.12.
,,,,,,
삼성광나루 104동,아파트,2060578517,남,저,26,4,2,2002.11.
유원 1동,아파트,2060579885,남,중,18,3,1,1997.08.
삼익그린맨션2차 602동,아파트,2060585089,동,저,15,2,1,1983.12.
강동롯데캐슬퍼스트 116동,아파트,2060543604,남,중,29,4,2,2008.09.
둔촌푸르지오 104동,아파트,2060560400,남,중,21,3,2,2010.03.
프라자 4동,아파트,2060531854,남,중,15,4,2,1984.12.
,,,,,,
,,,,,,
고덕래미안힐스테이트 308동,아파트,2060508343,동,고,17,3,2,2016.12.
고덕아르테온 308동,아파트,2060528337,남,중,20,3,2,2020.02.
고덕그라시움 142동,아파트,2060520515,남,중,21,3,2,2019.09.
성내삼성 202동,아파트,2060521789,남,중,24,3,2,1999.09.
고덕아이파크 110동,아파트,2060509143,남,고,17,3,2,2011.12.
천호역한강푸르지오시티 1동,오피스텔,2060517803,남동,중,35,1,1,2015.07.
고덕래미안힐스테이트 106동,아파트,2060514205,남,중,17,4,2,2016.12.
고덕래미안힐스테이트 117동,아파트,2060516672,남동,저,23,3,2,2016.12.
성내삼성 101동,아파트,2060521101,남,고,19,3,1,1999.09.
고덕그라시움 103동,아파트,2060510293,남동,고,32,3,2,2019.09.
고덕아르테온 317동,아파트,2060526227,남,고,25,3,2,2020.02.
고덕아르테온 318동,아파트,2060522969,남,중,15,3,2,2020.02.
강동상떼빌 1동,오피스텔,2060512771,-,중,5,1,1,2007.03.
고덕그라시움 149동,아파트,2060518394,남,중,25,3,2,2019.09.
고덕래미안힐스테이트 119동,아파트,2060536687,남,중,29,3,2,2016.12.
고덕아이파크 113동,아파트,2060507829,남동,중,12,3,2,2011.12.
주공고층4단지 432동,재건축,2060539127,남,2,10,2,1,1980.12.
고덕그라시움 111동,아파트,2060380782,남,고,25,3,2,2019.09.
강동렘브란트(도시형) 1동,아파트,2060403999,동,중,14,1,1,2014.02.
고덕역갑을명가시티 1동,오피스텔,2058710670,남,11,15,1,1,2018.12.
신동아 1동,아파트,2060385412,남,중,15,4,2,1986.02.
명일현대 102동,아파트,2060404661,동,고,15,2,1,1988.10.
프라이어팰리스 118동,아파트,2060398509,남,고,30,3,2,2007.07.
태솔 1동,아파트,2060432453,남,고,7,3,1,2009.11.
강일리슈빌에스 1동,오피스텔,2058604431,동,3,10,1,1,2016.10.
고덕롯데캐슬베네루체 712동,아파트,2060506354,남동,저,29,3,2,2019.12.
고덕래미안힐스테이트 123동,아파트,2060504014,남동,저,15,3,2,2016.12.
고덕아이파크 114동,아파트,2060289550,남,중,12,3,2,2011.12.
고덕래미안힐스테이트 122동,아파트,2060503852,-,중,25,3,2,2016.12.
선경 1동,오피스텔,2060491111,남동,고,7,1,1,2002.12.
하이브 1동,주상복합,2060490470,남동,고,13,4,2,2006.11.
고덕그라시움 149동,아파트,2060381781,남,저,25,3,2,2019.09.
고덕역갑을명가시티 1동,오피스텔,2058710895,남,12,15,1,1,2018.12.
고덕그라시움 119동,아파트,2060501837,남,중,27,3,2,2019.09.
고덕그라시움 110동,아파트,2060498464,남,고,27,3,2,2019.09.
,,,,,,
미랜드퀸 101동,아파트,2060407396,남,고,7,4,2,2009.04.
고덕그라시움 109동,아파트,2058581104,남서,23,28,3,2,2019.09.
강일테라우드 1동,오피스텔,2056759919,남,8,10,3,2,2019.03.
고덕아르테온 339동,아파트,2058579746,남서,4,34,3,2,2020.02.
빌라,빌라/연립,2057085065,남동,5,9,1,1,15,20,2016.08.
빌라 네모하우스,빌라/연립,2057069141,서,4,6,3,2,10,10,2015.09.
강일테라우드 1동,오피스텔,2056764387,-,7,10,3,2,2019.03.
SK허브진 1동,주상복합,2056832756,서,10,15,1,1,2004.10.
삼익그린맨션2차 606동,아파트,2056843668,남,3,15,3,1,1983.12.
일반상가,상가점포,2056992587,1,10,-,2012.06.
빌라,빌라/연립,2054527232,-,6,6,4,2,11,-,2020.04.
빌라,빌라/연립,2057065810,북,3,6,2,1,8,10,2015.05.
고덕그라시움 150동,아파트,2058534504,남동,10,25,3,2,2019.09.
길동우성 102동,아파트,2057038414,남,18,18,3,2,1994.10.
명일현대 101동,아파트,2056857802,동,9,15,3,1,1988.10.
강일포디움 1동,오피스텔,2056791439,-,7,10,1,1,2016.03.
빌라 화영빌라,빌라/연립,2056969979,남,4,5,3,2,11,15,2014.01.
빌라 그린스위트빌2차,빌라/연립,2057048645,동,5,6,3,2,11,15,2015.05.
빌라,빌라/연립,2054428577,동,5,16,1,1,72,140,2020.01.
빌라 C팰리스4차,빌라/연립,2057091591,동,3,6,3,2,14,-,2017.12.
고덕센트럴아이파크 514동,아파트,2060143353,-,저,29,3,2,2019.12.
프라이어팰리스 107동,아파트,2059850982,남동,저,22,3,2,2007.07.
고덕아이파크 110동,아파트,2059851930,남,중,17,3,2,2011.12.
둔촌늘푸른 1동,아파트,2059283176,남,2,6,3,1,2009.06.
암사한솔 104동,아파트,2059904255,남,저,12,4,2,2002.01.
빌라 써미트 빌,빌라/연립,2059274487,-,3,6,3,2,8,10,2017.07.
고덕센트럴푸르지오 104동,주상복합,2059908747,남,고,34,3,2,2020.09.
고덕센트럴푸르지오 A동,오피스텔,2059284324,남동,5,7,1,1,2020.09.
,,,,,,
빌라 태양맨션,빌라/연립,2059283786,-,5,5,3,1,7,-,2002.08.
명일중앙하이츠 1동,아파트,2059894736,남,저,13,3,2,1992.05.
고덕센트럴푸르지오 A동,오피스텔,2059286309,북서,6,7,1,1,2020.09.
,,,,,,
빌라 화영빌라,빌라/연립,2059277902,-,3,5,2,1,9,12,2012.06.
강동롯데캐슬퍼스트 129동,아파트,2059821530,남동,저,31,3,2,2008.09.
프라이어팰리스 120동,아파트,2059788186,남,고,22,4,2,2007.07.
강동롯데캐슬퍼스트 133동,아파트,2059845774,-,저,24,3,2,2008.09.
고덕롯데캐슬베네루체 712동,아파트,2059874417,남서,중,29,3,2,2019.12.
단독,단독/다가구,2059277774,남,3,2,-,-,
고덕센트럴푸르지오 B동,오피스텔,2059788027,남,고,4,2,1,2020.09.
고덕그라시움 128동,아파트,2059827763,남,고,13,3,2,2019.09.
단독,단독/다가구,2059266621,남,3,2,3,3,1991.11.
빌딩,빌딩/건물,2059248889,9,2001.05.
빌라 신진아트빌라,빌라/연립,2059273677,-,1,4,,,5,-,1994.10.
빌라 선사하이빌 101동,빌라/연립,2059249596,-,2,4,2,1,5,-,2004.01.
빌라 블루빌,빌라/연립,2059255915,-,6,6,2,1,6,10,2012.07.
일반상가,상가점포,2059230767,1,10,-,2012.07.
빌라,빌라/연립,2059249954,-,6,6,3,1,1,14,2018.01.
빌라 정산빌라,빌라/연립,2059225636,-,-1,2,3,1,-,-,1990.04.
빌라 로얄하우스빌 B동,빌라/연립,2059272722,남동,2,4,3,2,3,4,2001.10.
빌라 청운캐슬,빌라/연립,2059223765,동,3,6,3,1,1,168,2018.12.
빌라 수동빌라,빌라/연립,2059273284,-,3,4,2,,4,-,2003.01.
빌딩,빌딩/건물,2059243623,-,
빌라 다성이즈빌,빌라/연립,2059273990,북동,5,6,1,1,10,20,2013.03.
,,,,,,
빌라,빌라/연립,2059270642,남동,3,5,3,1,6,8,2014.07.
중소형사무실,사무실,2059266767,4,17,남동,60,2020.07.
빌딩,빌딩/건물,2059243887,-,
대형사무실,사무실,2059252585,19,22,남,434,2015.07.
빌라 청운캐슬,빌라/연립,2059223156,동,3,6,3,1,1,168,2018.12.
빌라 진성드림빌,빌라/연립,2059257918,동,3,5,2,1,7,8,2013.01.
다가구,단독/다가구,2059212671,남,9,5,4,5,2013.05.
연립 퍼브릭하우스,빌라/연립,2059212480,-,5,5,3,1,6,8,2002.07.
빌라,빌라/연립,2059206743,동,2,6,3,2,63,-,2019.01.
고덕센트럴푸르지오 A동,오피스텔,2059194787,남동,6,7,1,1,2020.09.
두산위브센티움 1동,오피스텔,2059218771,남,9,23,1,1,2004.09.
빌라 암사1 탑층,빌라/연립,2059193974,남동,5,5,3,1,10,10,2008.05.
빌라 청운캐슬,빌라/연립,2059222817,동,2,6,3,2,1,168,2018.12.
빌라,빌라/연립,2059204418,동,6,6,4,3,1,-,2020.01.
빌라,빌라/연립,2059192138,남동,4,6,2,1,14,18,2018.03.
빌라,빌라/연립,2059196351,-,4,6,3,1,1,-,
다가구,단독/다가구,2059190885,동,3,2,8,10,2015.11.
주공고층4단지 411동,재건축,2059191763,남,5,10,2,1,1980.12.
빌라 삼우주택,빌라/연립,2059197411,-,2,3,3,,3,-,1991.06.
주공고층4단지 404동,재건축,2059189266,동,6,10,3,1,1980.12.
주공고층4단지 432동,재건축,2059187546,남,10,10,3,1,1980.12.
빌라,빌라/연립,2059189541,북동,3,8,2,1,10,-,
빌라,빌라/연립,2059191512,남,4,6,3,2,9,9,2016.03.
빌라 제이디파크빌,빌라/연립,2059188398,서,7,7,3,2,1,-,2019.08.
빌라 취득세지원 한강공원뷰 예쁜3룸입주가능,빌라/연립,2059187984,-,4,6,3,2,1,-,
빌라 취득세지원 천호공원 옆 공기좋은 2룸,빌라/연립,2059190868,-,3,7,2,1,1,-,
빌라,빌라/연립,2059095648,-,3,6,2,1,1,-,2017.01.
빌딩,빌딩/건물,2059097135,-,1984.01.
다성이즈빌(456-4) 1동,주상복합,2059081290,남,13,20,2,1,2018.11.
,,,,,,
빌라 진성드림빌,빌라/연립,2059080211,남서,3,5,3,1,7,8,2013.07.
빌라,빌라/연립,2059082839,동,3,6,3,2,8,10,2019.06.
빌라,빌라/연립,2059089029,-,2,6,3,1,8,10,2016.03.
명일LG 101동,아파트,2059007292,동,7,23,2,1,1999.12.
빌라,빌라/연립,2059081326,-,3,6,2,1,1,-,2016.06.
상가주택,상가주택,2059092962,남,3,1,1,-,
빌라 블루빌,빌라/연립,2059100552,남,4,6,3,1,8,10,2016.07.
고덕그라시움 113동,아파트,2059067550,남,2,27,3,2,2019.09.
빌라 취득세지원 역세권 위치좋은1룸마감임박,빌라/연립,2059185636,-,13,17,1,1,1,-,
강동상떼빌 1동,주상복합,2059057421,-,19,20,3,2,2007.03.
빌라 취득세지원 역세권 위치좋은복층1룸입주,빌라/연립,2059186795,-,11,16,1,1,1,-,
트레벨 1동,오피스텔,2059054155,남,11,15,1,1,2003.06.
고덕리엔파크1단지 102동,아파트,2059087131,남,1,15,3,2,2011.01.
빌라 삼성씨티빌,빌라/연립,2059079319,-,7,7,2,1,1,28,2018.01.
우성(356) 101동,아파트,2059032363,서,12,13,3,2,2004.02.
,,,,,,
고덕아르테온 302동,아파트,2058983198,남서,21,25,3,2,2020.02.
길동청광플러스원큐브1차 1동,오피스텔,2058962866,동,4,5,1,1,2012.11.
고덕역갑을명가시티 1동,오피스텔,2058849058,북,15,15,1,1,2018.12.
천호역한강푸르지오시티 1동,오피스텔,2058991146,-,25,35,1,1,2015.07.
단독,단독/다가구,2058330378,-,5,1,-,-,
천호(동성) 101동,아파트,2058989829,-,1,6,3,2,2002.08.
동은 101동,아파트,2058360922,-,고,7,3,1,2004.02.
주공저층1단지 111동,재건축,2058998667,남,4,5,3,1,1980.01.
주공고층3단지 314동,재건축,2058999466,남,5,10,3,1,1980.12.
트레벨 1동,오피스텔,2058971184,동,8,15,1,1,2003.06.
주공저층1단지 120동,재건축,2058958566,남,4,5,3,1,1980.01.
다성이즈빌(388-7) 1동,주상복합,2058864262,동,6,16,2,1,2015.07.
주공고층3단지 321동,재건축,2058957689,남,4,10,3,1,1980.12.
빌라,빌라/연립,2058246040,남,2,6,2,1,2,-,2016.01.
,,,,,,
엘크루 1동,오피스텔,2058364807,-,고,6,1,1,2008.12.
한빛 103동,주상복합,2058843680,서,13,15,2,1,2001.10.
고덕역갑을명가시티 1동,오피스텔,2058849241,남,15,15,1,1,2018.12.
고덕그라시움 131동,아파트,2058843492,남,8,13,3,2,2019.09.
,,,,,,
단지내상가,상가점포,2058005762,2,2,8,2009.08.
다가구 경민주택,단독/다가구,2058024227,남서,9,6,5,5,2004.09.
,,,,,,
강동역신동아파밀리에 1101동,주상복합,2058015371,남,고,41,3,2,2015.07.
전원주택 암사동 전원주택,전원주택,2060542248,남,5,2,2,1,1980.01.
고덕롯데캐슬베네루체 714동,아파트,2060593397,남,고,29,3,2,2019.12.
상가건물,상가건물,2060579801,-,1990.04.
고덕롯데캐슬베네루체 708동,아파트,2060578658,남동,중,28,3,2,2019.12.
단독,단독/다가구,2060560433,-,,,-,-,
빌딩,빌딩/건물,2060537277,6,1989.01.
단지내상가,상가점포,2060580083,1,18,-,
골드하임 101동,아파트,2060548191,남,저,7,3,2,2005.01.
다가구,단독/다가구,2060600809,남동,8,2,2,3,1989.01.
빌라,빌라/연립,2060568629,-,1,3,3,1,1,-,
빌라 우성빌라,빌라/연립,2060602819,남,4,4,3,2,6,-,2000.11.
고덕롯데캐슬베네루체 717동,아파트,2060613003,남,고,17,3,2,2019.12.
다가구,단독/다가구,2060587048,남,2,1,-,1,
단독,단독/다가구,2060580789,서,3,1,-,5,
상가주택,상가주택,2060532171,남,7,,2,-,
기타,빌딩/건물,2060580500,-,2017.05.
복합상가,상가점포,2060528219,-1,20,-,
복합상가,상가점포,2060516348,1,8,-,
복합상가,상가점포,2060519886,2,8,-,
고덕롯데캐슬베네루체 713동,아파트,2060386128,남동,중,29,3,2,2019.12.
고덕그라시움 142동,아파트,2060377859,-,고,21,3,2,2019.09.
단독,단독/다가구,2060382053,남,7,2,2,2,1983.12.
복합상가,상가점포,2060382782,1,18,-,
빌딩,빌딩/건물,2060500624,-,
주공고층3단지 325동,재건축,2060369754,남동,중,10,3,1,1980.12.
다가구 가야하우스,단독/다가구,2060514095,남동,28,18,8,10,2012.11.
일반상가,상가점포,2060388023,1,8,-,
고덕래미안힐스테이트 208동,아파트,2060529748,남동,고,35,3,2,2016.12.
다가구,단독/다가구,2060454487,-,,,5,11,2017.07.
다가구,단독/다가구,2060500696,북,9,5,3,5,1985.11.
전원주택 선사마을,전원주택,2060527269,남,8,4,3,3,1994.12.
고덕래미안힐스테이트 119동,아파트,2060531336,남서,중,29,4,2,2016.12.
고덕래미안힐스테이트 201동,아파트,2060530564,남동,고,18,3,2,2016.12.
고덕역효성해링턴타워더퍼스트 1동,오피스텔 분양권,2060500557,남,중,20,1,1,2020.11.
단독 단독주택,단독/다가구,2060490694,-,,,-,-,
상가주택,상가주택,2060454552,남,,,5,11,2017.07.
삼성광나루 102동,아파트,2060345078,동,고,28,2,2,2002.11.
한강현대 102동,아파트,2060361423,남,고,27,4,2,1999.05.
,,,,,,
삼성광나루 104동,아파트,2060364604,남,고,26,4,2,2002.11.
고덕래미안힐스테이트 305동,아파트,2060356374,-,고,31,3,2,2016.12.
고덕아이파크 102동,아파트,2060357389,-,중,20,4,2,2011.12.
고덕롯데캐슬베네루체 717동,아파트,2060358210,남,저,17,3,2,2019.12.
고덕아이파크 110동,아파트,2060366399,남,고,17,3,2,2011.12.
고덕아이파크 114동,아파트,2060367058,남,고,12,3,2,2011.12.
길동대상 1동,아파트,2060344024,남,저,16,3,2,1999.03.
,,,,,,
강변그대가갤럭시 202동,아파트,2060336231,서,고,13,4,2,2009.04.
고덕롯데캐슬베네루체 710동,아파트,2060360642,남,저,19,3,2,2019.12.
고덕아이파크 109동,아파트,2060368079,남,저,20,4,2,2011.12.
고덕래미안힐스테이트 208동,아파트,2060339238,남서,고,35,3,2,2016.12.
주풍그린빌라트 1동,아파트,2060352207,남,저,9,5,3,1996.03.
강동역신동아파밀리에 1101동,주상복합,2060361780,남,저,41,4,2,2015.07.
GS강동자이 106동,아파트,2060338329,남,중,17,4,2,2003.11.
GS강동자이 110동,아파트,2060337859,남,고,19,4,2,2003.11.
래미안강동팰리스 101동,주상복합,2060352100,남서,고,44,3,2,2017.07.
고덕그라시움 110동,아파트,2060313678,남,중,27,3,2,2019.09.
KnP이스트빌 101동,아파트,2060325024,동,고,11,3,2,2004.03.
,,,,,,
천호역한강푸르지오시티 1동,오피스텔,2060309659,남,중,35,1,1,2015.07.
신구 1동,오피스텔,2060301897,-,저,13,1,1,1997.05.
,,,,,,
천호역한강푸르지오시티 1동,오피스텔,2060304243,서,저,35,1,1,2015.07.
삼성광나루 103동,아파트,2060303437,남동,고,24,5,2,2002.11.
고덕래미안힐스테이트 115동,아파트,2060321010,남서,고,34,3,2,2016.12.
주공고층4단지 425동,재건축,2060286968,남동,저,10,3,1,1980.12.
고덕센트럴아이파크 514동,아파트,2060293909,남동,고,29,3,2,2019.12.
거산유팰리스 1동,오피스텔,2060308856,동,중,17,1,1,2020.07.
명일현대 102동,아파트,2060309964,동,중,15,2,1,1988.10.
고덕래미안힐스테이트 201동,아파트,2060315473,남동,중,18,3,2,2016.12.
주공고층3단지 311동,재건축,2060313426,남동,중,10,2,1,1980.12.
거산유팰리스 1동,오피스텔,2060312063,동,중,17,1,1,2020.07.
고덕아르테온 307동,아파트,2060327722,-,중,22,3,2,2020.02.
고덕그라시움 118동,아파트,2060328341,-,저,30,3,2,2019.09.
,,,,,,
천호역한강푸르지오시티 1동,오피스텔,2060308759,동,고,35,1,1,2015.07.
고덕센트럴푸르지오 A동,오피스텔,2060265900,남서,중,7,1,1,2020.09.
프라이어팰리스 117동,아파트,2060264208,남,고,25,3,2,2007.07.
천호역한강푸르지오시티 1동,오피스텔,2060152520,남서,중,35,1,1,2015.07.
삼익그린맨션2차 603동,아파트,2060271833,동,저,15,2,1,1983.12.
고덕래미안힐스테이트 120동,아파트,2060278804,남,저,25,3,2,2016.12.
강동롯데캐슬퍼스트 127동,아파트,2060282030,남,저,34,3,2,2008.09.
고덕래미안힐스테이트 303동,아파트,2060283621,남,중,19,3,2,2016.12.
천호브라운스톤 1동,오피스텔,2060159136,남동,중,15,1,1,2007.10.
프라이어팰리스 118동,아파트,2060267556,남,저,30,3,2,2007.07.
삼성광나루 104동,아파트,2060177069,서,고,26,3,2,2002.11.
고덕래미안힐스테이트 303동,아파트,2060284603,남,고,19,3,2,2016.12.
고덕래미안힐스테이트 120동,아파트,2060268921,남동,고,25,3,2,2016.12.
,,,,,,
강동역신동아파밀리에 1101동,주상복합,2060150878,-,중,41,4,2,2015.07.
,,,,,,
고덕래미안힐스테이트 207동,아파트,2060285735,남동,저,33,3,2,2016.12.
,,,,,,
주공고층4단지 425동,재건축,2060286968,남동,저,10,3,1,1980.12.
고덕래미안힐스테이트 106동,아파트,2060267315,남,고,17,4,2,2016.12.
,,,,,,
빌라 로렌하임,빌라/연립,2056819880,-,4,6,2,1,7,14,2015.08.
고덕롯데캐슬베네루체 710동,아파트,2058535116,남,16,19,3,2,2019.12.
천호역한강푸르지오시티 1동,오피스텔,2060119342,남,중,35,1,1,2015.07.
고덕아르테온 305동,아파트,2059286580,남,고,15,3,2,2020.02.
단지내상가 고덕그라시움아파트상가1동,상가점포,2058544962,2,3,2,2019.10.
현대1차 10동,아파트,2056225819,남,8,14,3,1,1984.11.
현대웰하임1단지(도시형) 101동,아파트,2056735266,남,10,15,1,1,2012.04.
현대웰하임1단지(도시형) 101동,아파트,2056741845,남,4,15,1,1,2012.04.
빌라 혜윰빌라,빌라/연립,2056819533,남서,4,6,3,2,10,10,2015.12.
빌라 동은아트빌,빌라/연립,2056798361,남,4,5,3,2,7,10,2003.03.
강일리버파크6단지 603동,아파트,2056601397,남,9,15,3,2,2009.03.
고덕센트럴아이파크 501동,아파트,2058580568,남서,15,22,3,2,2019.12.
단독,단독/다가구,2056817599,남서,,,-,5,1986.06.
빌라,빌라/연립,2056816084,남서,5,6,3,2,12,15,2016.03.
고덕그라시움 149동,아파트,2060149816,남,중,25,3,2,2019.09.
,,,,,,
강일임페리얼타워 1동,오피스텔,2056519060,남,7,10,1,1,2013.09.
고덕롯데캐슬베네루체 711동,아파트,2058533818,남서,25,27,3,2,2019.12.
빌라,빌라/연립,2056787351,남동,1,4,3,2,4,6,2002.11.
빌라 아름누리,빌라/연립,2056765539,동,2,5,3,1,1,34,2014.09.
고덕주공9단지 903동,아파트,2056178574,남,1,15,3,1,1985.11.
광남캐스빌(389-9) 1동,주상복합,2055969072,서,9,11,3,2,2005.05.
복합상가 아성플러스,상가점포,2059069917,-1,7,1,
고덕그라시움 137동,아파트,2059594975,남,고,9,3,2,2019.09.
대형사무실 강동헤르셔 복합시설동,사무실,2059052174,16,22,-,3,2015.07.
빌라 서울빌라,빌라/연립,2059071136,-,2,4,3,1,4,10,1993.01.
강동롯데캐슬퍼스트 127동,아파트,2059652753,남동,고,34,3,2,2008.09.
,,,,,,
빌라 A동,빌라/연립,2059064610,남동,6,6,2,1,-,-,2020.01.
고덕자이 102동,아파트 분양권,2059712979,남,고,15,3,2,2021.02.
,,,,,,
단지내상가 롯데캐슬상가,상가점포,2059053777,3,5,-,
강동롯데캐슬퍼스트 105동,아파트,2059639968,남서,고,33,4,2,2008.09.
고덕그라시움 141동,아파트,2059666379,-,고,18,3,2,2019.09.
강동롯데캐슬퍼스트 105동,아파트,2059650480,남서,저,33,4,2,2008.09.
단지내상가 푸르지오시티,상가점포,2059053486,1,35,1,2017.05.
단지내상가 롯데캐슬상가,상가점포,2059064625,2,5,-,
고덕롯데캐슬베네루체 718동,아파트,2059828712,남,저,17,3,2,2019.12.
래미안솔베뉴 102동,아파트,2059784628,남서,중,35,3,2,2019.06.
고덕자이 110동,아파트 분양권,2059892379,남동,중,29,4,2,2021.02.
빌라,빌라/연립,2059024938,동,5,6,2,1,20,20,
상가주택,상가주택,2059029358,남동,6,2,2,2,
단독,단독/다가구,2059021000,-,,,-,-,1990.01.
상가주택,상가주택,2059032109,-,,,6,-,1994.06.
다가구,단독/다가구,2059007391,-,,,-,-,1989.09.
빌라,빌라/연립,2059020440,-,1,5,14,6,6,6,2016.11.
명일현대 102동,아파트,2059036611,-,5,15,2,1,1988.10.
기타,빌딩/건물,2059011925,8,
빌라 이명그린힐,빌라/연립,2059038033,-,4,6,3,1,8,-,2013.01.
빌라,빌라/연립,2059029005,-,1,5,17,7,7,7,2014.10.
빌라,빌라/연립,2058995412,남,5,5,3,1,6,6,2003.10.
단지내상가,상가점포,2058996571,2,6,1,
빌라 취득세지원 역대급위치좋은2룸입주가능,빌라/연립,2059026274,-,3,7,2,1,1,-,
기타,빌딩/건물,2059009485,-,2020.01.
상가주택 상가주택,상가주택,2059021988,남,,,4,5,2003.01.
빌라,빌라/연립,2059048102,-,5,7,3,1,1,-,
다가구,단독/다가구,2059021391,-,11,7,11,-,2019.02.
빌라 성복빌라,빌라/연립,2059019973,-,3,3,3,2,3,4,1992.10.
단독,단독/다가구,2059019599,남동,6,2,1,2,1986.05.
빌라 성내동 신축 3룸 매매,빌라/연립,2059016539,-,2,6,3,2,1,-,
상가주택 상가주택,상가주택,2058992346,-,,7,4,1,1996.08.
까사806(도시형) 1동,아파트,2058809310,남동,5,6,1,1,2018.08.
연립,빌라/연립,2058855455,남,7,7,2,1,10,20,
다가구 신영주택,단독/다가구,2058853596,남,10,9,4,8,2015.01.
e편한세상강동에코포레 105동,아파트,2058824607,남,9,21,3,2,2020.04.
기타,빌라/연립,2058863947,-,3,16,1,1,1,130,
상가주택,상가주택,2058994151,남서,,,3,4,1996.06.
복합상가,상가점포,2058969586,1,10,2,2019.03.
주공저층1단지 119동,재건축,2058787522,남동,5,5,3,1,1980.01.
빌라 삼성씨티빌,빌라/연립,2058957064,남,5,5,2,1,1,8,2013.07.
한강현대 101동,아파트,2058792424,남,18,27,3,2,1999.05.
복합상가 우장빌딩,상가점포,2058959568,3,3,1,2007.01.
빌라 성우스타팰리스,빌라/연립,2058968121,남,4,7,3,1,1,15,2019.12.
기타,빌라/연립,2058863737,-,3,16,1,1,1,130,2020.01.
빌라 현대아트빌,빌라/연립,2058859379,동,3,5,2,1,5,7,2003.01.
다가구,단독/다가구,2058973409,-,,,3,-,1998.07.
빌라,빌라/연립,2058833207,-,5,6,3,2,11,15,2019.08.
성내스테이 1동,아파트,2058793660,남서,7,14,2,2,2018.09.
단지내상가,상가점포,2058978099,1,1,1,
전,토지/임야,2058952379
주공저층1단지 105동,재건축,2058757659,남,2,5,3,1,1980.01.
트레벨 1동,오피스텔,2058765871,서,13,15,1,1,2003.06.
주공고층3단지 313동,재건축,2058763271,서,5,10,3,1,1980.12.
,,,,,,
주공저층1단지 137동,재건축,2058752399,동,2,5,3,1,1980.01.
주공저층2단지 229동,재건축,2058759984,동,1,5,0,0,1980.01.
주공저층2단지 233동,재건축,2058753162,동,2,5,3,1,1980.01.
주공고층3단지 309동,재건축,2058753913,동,3,10,3,1,1980.12.
파크하임 1동,주상복합,2058743003,-,4,12,2,2,2003.05.
강동렘브란트(도시형) 1동,아파트,2058715664,남,11,14,1,1,2014.02.
현대1차 11동,아파트,2058622397,동,8,11,3,1,1984.11.
현대1차 10동,아파트,2058721345,남,14,14,3,1,1984.11.
유덕휴먼빌 101동,아파트,2058737237,남동,3,9,3,2,2003.08.
래미안강동팰리스 102동,주상복합,2058079189,-,고,44,3,2,2017.07.
다성이즈빌(167-2) 1동,오피스텔,2058618884,-,6,6,1,1,2016.08.
한솔애리즈2차 201동,아파트,2058735712,남,8,8,2,1,2003.10.
신동아 8동,아파트,2058115760,남,중,15,3,1,1986.02.
주공저층2단지 214동,재건축,2058762396,동,3,5,3,1,1980.01.
주공고층3단지 305동,재건축,2058758737,남,5,10,3,1,1980.12.
주공저층1단지 101동,재건축,2058761449,남,2,5,3,1,1980.01.
강동역SK허브 1동,주상복합,2057457726,남,고,24,3,2,2006.12.
동구햇살 101동,아파트,2058000491,동,저,12,3,2,2002.06.
고덕래미안힐스테이트 201동,아파트,2057689360,남,중,18,3,2,2016.12.
강동역SK허브 101동,오피스텔,2057517309,남동,고,8,1,1,2006.12.
,,,,,,
단지내상가,상가점포,2060344332,1,7,2,2017.01.
빌라 초원하이츠빌라,빌라/연립,2060326164,남,4,4,3,1,5,-,1995.11.
한신 1동,아파트,2060340382,남,저,14,3,1,1991.03.
단지내상가,상가점포,2060303341,3,3,-,
,,,,,,
일반상가,상가점포,2060294416,1,3,-,
,,,,,,
상가주택 시온상가주택,상가주택,2060287956,남,3,1,2,1,
단독 단독,단독/다가구,2060290380,서,9,3,-,3,1988.10.
상가건물,상가건물,2060358814,-,1986.05.
아남 5동,아파트,2060353800,-,중,19,3,2,1996.03.
단독,단독/다가구,2060344023,-,,,2,-,
우성(42) 6동,아파트,2060357416,남,중,14,4,2,1986.05.
단지내상가,상가점포,2060299545,2,3,-,
고덕롯데캐슬베네루체 716동,아파트,2060372564,남,중,16,3,2,2019.12.
미랜드프레임빌 1동,아파트,2060136077,동,중,10,4,2,2006.10.
강변그대가 101동,아파트,2060138431,서,저,14,3,2,2007.02.
일반상가,상가점포,2060280055,1,10,-,2019.05.
다가구 다가구주택,단독/다가구,2060256745,남,16,8,6,5,2005.09.
상가주택 상가주택,상가주택,2060256289,남,15,6,5,5,2006.04.
고덕래미안힐스테이트 307동,아파트,2060112865,동,고,30,3,2,2016.12.
삼익그린맨션2차 603동,아파트,2060128892,남,고,15,3,1,1983.12.
래미안솔베뉴 102동,아파트,2060128228,남,저,35,3,2,2019.06.
고덕래미안힐스테이트 208동,아파트,2060111439,남,고,35,3,2,2016.12.
천호역한강푸르지오시티 1동,오피스텔,2060252207,남동,고,35,1,1,2015.07.
단지내상가,상가점포,2060258593,1,15,1,
단독 시온주택,단독/다가구,2060286067,남,14,6,2,6,1988.01.
상가주택,상가주택,2060248902,서,18,6,6,6,1993.12.
다가구,단독/다가구,2060249986,동,9,4,1,4,1977.03.
다가구,단독/다가구,2060287588,남,12,5,3,5,1985.10.
고덕그라시움 126동,아파트,2060135178,남,저,21,3,2,2019.09.
일반상가,상가점포,2060158559,1,19,-,2007.03.
래미안강동팰리스 103동,주상복합,2060130747,남동,중,45,3,2,2017.07.
강동역두산위브센티움 1동,주상복합,2060131845,-,중,15,3,1,2004.05.
태솔 1동,아파트,2060161050,동,고,7,3,2,2009.11.
주공저층2단지 211동,재건축,2060077527,남동,고,5,3,1,1980.01.
고덕래미안힐스테이트 118동,아파트,2060111008,남동,저,29,3,2,2016.12.
고덕래미안힐스테이트 307동,아파트,2060106309,동,중,30,3,2,2016.12.
고덕래미안힐스테이트 104동,아파트,2060072712,남,중,15,4,2,2016.12.
고덕아이파크 102동,아파트,2060068670,남,중,20,3,2,2011.12.
암사한솔 101동,아파트,2060095928,남,저,13,3,2,2002.01.
한강포스파크 101동,아파트,2060092066,남,중,19,4,2,2002.09.
선사현대 102동,아파트,2060073338,-,중,25,3,1,2000.06.
우정에쉐르 101동,주상복합,2060084453,-,중,10,3,2,2004.12.
선사현대 114동,아파트,2060080689,남동,고,28,3,2,2000.06.
고덕아이파크 107동,아파트,2060070535,남,중,20,4,3,2011.12.
삼성광나루 103동,아파트,2060090190,북동,고,24,3,2,2002.11.
프라자 3동,아파트,2060084242,남동,고,15,4,2,1984.12.
강동역신동아파밀리에 1101동,주상복합,2060079182,남,중,41,4,2,2015.07.
고덕아르테온 332동,아파트,2060087762,남동,고,15,3,2,2020.02.
현대 102동,아파트,2060077211,남,저,18,3,2,1996.08.
주공저층1단지 112동,재건축,2060082516,남,고,5,3,1,1980.01.
,,,,,,
성안마을청구 102동,아파트,2060087543,남서,저,23,3,1,2002.07.
,,,,,,
프라이어팰리스 105동,아파트,2060064381,남,중,30,3,2,2007.07.
,,,,,,
선사현대 116동,아파트,2060039403,-,고,21,4,2,2000.06.
경지아리움 1동,주상복합,2060034626,서,저,16,1,1,2019.06.
천호e-편한세상 101동,아파트,2060030587,남서,고,13,3,2,2005.10.
성내파라디아 101동,아파트,2060045881,남,고,12,4,2,2010.02.
삼익파크맨숀 506동,아파트,2060045551,-,중,12,2,1,1982.09.
고덕아르테온 305동,아파트,2060060208,남,고,15,3,2,2020.02.
고덕래미안힐스테이트 104동,아파트,2060047494,남,중,15,4,2,2016.12.
강동역두산위브센티움 1동,주상복합,2060053158,남,중,15,3,1,2004.05.
고덕래미안힐스테이트 113동,아파트,2060043230,-,중,35,3,2,2016.12.
고덕아이파크 113동,아파트,2060042270,-,중,12,3,2,2011.12.
,,,,,,
래미안솔베뉴 108동,아파트,2060067718,남서,중,35,3,2,2019.06.
,,,,,,
고덕아이파크 113동,아파트,2060036955,남,중,12,3,2,2011.12.
,,,,,,
,,,,,,
명일현대 102동,아파트,2060035568,남,중,15,2,1,1988.10.
성내삼성 204동,아파트,2060048381,남동,중,24,3,2,1999.09.
다가구,단독/다가구,2056610792,-,,,-,-,
삼성광나루 104동,아파트,2056530949,남,26,26,3,2,2002.11.
빌라 태산,빌라/연립,2056589257,남,1,4,3,1,4,6,2002.08.
우성(42) 1동,아파트,2059892086,남,고,14,4,2,1986.05.
빌라 로렌하임,빌라/연립,2056628316,-,3,6,3,2,12,14,2015.08.
프라이어팰리스 118동,아파트,2060021634,남,저,30,3,2,2007.07.
프라이어팰리스 118동,아파트,2060021076,남,고,30,3,2,2007.07.
단독,단독/다가구,2058349054,남,3,1,1,-,
강일포디움 1동,오피스텔,2056631679,-,7,10,1,1,2016.03.
고덕센트럴아이파크 512동,아파트,2058039793,남서,28,28,4,2,2019.12.
상가주택,상가주택,2056537134,-,,,-,-,
빌라 한강그린빌,빌라/연립,2056512048,-,4,5,2,1,8,-,2012.05.
아남 2동,아파트,2059913898,남서,저,18,3,2,1996.03.
래미안솔베뉴 104동,아파트,2059932589,남,고,17,3,2,2019.06.
고덕아르테온 328동,아파트,2058111675,동,5,22,3,2,2020.02.
빌라 명문아이빌,빌라/연립,2056570544,-,4,6,,,1,-,
,,,,,,
빌라,빌라/연립,2056619177,동,1,2,3,1,2,6,1986.11.
고덕롯데캐슬베네루체 716동,아파트,2058106099,남,11,16,3,2,2019.12.
고덕센트럴아이파크 501동,아파트,2058111859,남,17,22,3,2,2019.12.
연립,빌라/연립,2056487640,-,1,2,2,,-,6,1986.08.
빌라,빌라/연립,2056489372,동,2,5,3,2,1,-,
빌라 삼성아트빌,빌라/연립,2056144407,남동,6,6,3,2,-,-,
빌라 다세대 빌라,빌라/연립,2056049423,-,2,4,2,1,6,6,2008.01.
다성이즈빌(434-13) 1동,아파트,2058816598,남,6,12,3,1,2016.07.
빌라 천호하우징,빌라/연립,2058826570,남,6,6,4,3,15,15,2019.08.
빌라,빌라/연립,2058833955,북동,3,6,3,2,1,40,2016.01.
,,,,,,
빌라,빌라/연립,2058831935,-,6,6,3,3,11,15,2019.08.
빌라 한성시티빌,빌라/연립,2058823148,남,3,4,3,2,6,9,2020.05.
빌딩,빌딩/건물,2058836933,-,
빌라 광장트윈빌,빌라/연립,2058824968,-,3,6,3,,1,-,2018.06.
빌딩,빌딩/건물,2058836550,-,
고덕센트럴아이파크 512동,아파트,2059663824,남,고,28,3,2,2019.12.
단지내상가,상가점포,2058828245,1,15,-,2004.11.
연립 올수리빌라,빌라/연립,2058813700,남,1,2,3,1,-,6,
빌딩,빌딩/건물,2058836936,-,
빌라 도원하늘채,빌라/연립,2058823820,남,5,5,4,2,8,8,
상가건물,상가건물,2058821346,6,2004.08.
다가구,단독/다가구,2058827674,-,,,-,-,
복합상가 주양쇼핑,상가점포,2058787119,3,8,30,1992.01.
대,토지/임야,2058813192
빌딩,빌딩/건물,2058810870,3,1989.06.
금호 1동,아파트,2058784300,동,12,14,1,1,1987.06.
빌라 토브하우스,빌라/연립,2058799215,-,4,7,2,1,14,-,
,,,,,,
빌딩,빌딩/건물,2058809678,-,1988.07.
일반상가 집앤사베니아파트상가,상가점포,2058785874,-1,14,23,
빌라 이건 꼭 사야 돼,빌라/연립,2058784982,-,4,7,3,2,21,28,
빌라 채움아트빌,빌라/연립,2058776503,남,3,5,3,1,6,8,2010.05.
고덕래미안힐스테이트 122동,아파트,2058775903,남동,9,25,3,2,2016.12.
빌딩,빌딩/건물,2058778068,15,1993.04.
빌딩,빌딩/건물,2058806826,-,2018.12.
효성노바 1동,아파트,2058777583,남동,2,7,3,2,2003.05.
고덕센트럴아이파크 506동,아파트,2058781388,남,2,29,3,2,2019.12.
빌딩,빌딩/건물,2058786099,-,
,,,,,,
빌라 역이랑 제일 가까운 투룸 매매건,빌라/연립,2058782430,남,9,17,2,1,104,104,2020.07.
일반상가 집앤사비디아파트상가,상가점포,2058770765,1,11,29,2019.10.
일반상가 현대캐슬상가,상가점포,2058777162,1,6,21,2019.11.
기타,빌딩/건물,2058762577,7,2009.12.
기타,기타,2058757097,-,
상가주택,상가주택,2058767391,-,,,5,-,
일반상가,상가점포,2058736818,2,10,-,2012.07.
주공고층4단지 408동,재건축,2058759301,남,6,10,3,1,1980.12.
빌라,빌라/연립,2058754897,-,7,9,2,1,1,-,2020.04.
빌라,빌라/연립,2058743453,남,4,5,2,1,4,7,2014.03.
기타,빌딩/건물,2058763162,-,2017.01.
주공고층4단지 432동,재건축,2058754801,남,5,10,3,1,1980.12.
일반상가,상가점포,2058735123,8,10,-,2013.05.
주공고층4단지 417동,재건축,2058761891,남,5,10,3,1,1980.12.
일반상가,상가점포,2058736079,1,10,-,2012.03.
복합상가,상가점포,2058745519,1,10,6,2019.03.
기타,빌딩/건물,2058762857,-,2020.01.
상가건물,상가건물,2058728064,-,1991.09.
빌라,빌라/연립,2058731663,-,3,6,3,2,1,14,2019.12.
빌라 토성타운 6차,빌라/연립,2058741335,남,3,5,3,2,8,8,2003.02.
일반상가 집앤사비디아파트,상가점포,2058752578,1,11,29,2019.10.
빌라,빌라/연립,2058731144,동,3,6,3,1,63,-,2018.01.
빌라 이건 꼭 사야 돼,빌라/연립,2058742760,-,2,6,3,2,28,28,
복합상가 강동한신휴플러스 주상복합,상가점포,2058714201,1,16,1,2015.10.
다가구,단독/다가구,2058718518,-,,,-,-,
빌딩,빌딩/건물,2058713407,3,
일반상가 현대캐슬,상가점포,2058702212,1,6,14,2019.11.
다가구,단독/다가구,2058707277,동,20,9,3,8,2005.06.
단독,단독/다가구,2058707439,서,2,1,1,1,1978.06.
빌라,빌라/연립,2058698727,남,2,6,3,1,1,-,2017.12.
일반상가 베니,상가점포,2058618539,-1,14,23,2019.10.
기타,빌딩/건물,2058727217,-,1985.08.
빌딩,빌딩/건물,2058726389,-,2004.09.
상가건물,상가건물,2058723256,2,1982.12.
빌딩,빌딩/건물,2058715936,-,
빌라,빌라/연립,2058707837,-,1,4,,,-,-,
기타 토호빌라,빌라/연립,2058721919,-,4,5,2,1,7,-,2007.03.
빌딩,빌딩/건물,2058620066,-,1982.12.
빌딩 씨티빌딩,빌딩/건물,2058714696,7,2005.06.
단독,단독/다가구,2058707059,남,,,-,1,
임야,토지/임야,2058725681
일반상가 비키,상가점포,2058620465,-1,12,24,2019.11.
빌라 혜림주택 비동,빌라/연립,2058699394,남,4,5,2,2,6,-,2002.05.
일반상가,상가점포,2058611463,1,7,27,2017.01.
일반상가,상가점포,2058611799,2,3,2,1980.01.
상가건물,상가건물,2058611009,-,1991.01.
고덕아르테온 318동,아파트,2058551872,남동,6,15,3,2,2020.02.
빌라 모던아트빌,빌라/연립,2058614856,-,4,5,2,1,7,7,2003.12.
빌라 에코빌,빌라/연립,2058608252,동,5,5,14,,5,9,2010.08.
성우스타팰리스(163-21) 1동,오피스텔,2058547074,-,6,6,1,1,2019.04.
빌라 덕진빌라 B동,빌라/연립,2058613170,남,5,5,3,1,5,7,2008.03.
상가건물 민호,상가건물,2058616977,30,1999.05.
빌라,빌라/연립,2058610845,-,4,6,3,2,1,-,2019.12.
호암아펙스 1동,아파트,2058549565,-,5,6,3,2,2006.11.
빌라 유진빌라트,빌라/연립,2058618260,-,4,5,,,6,-,2003.03.
노바 1동,아파트,2058545954,남,6,6,1,1,2002.07.
,,,,,,
"신동아1,2차 10동",재건축,2058594480,남,8,12,2,1,1983.06.
단독,단독/다가구,2058613554,남,15,,2,-,2019.09.
삼익그린맨션2차 509동,아파트,2058492891,남,12,15,4,2,1983.12.
성우스타팰리스(163-21) 1동,오피스텔,2058545981,동,3,6,1,1,2019.04.
삼익그린맨션2차 509동,아파트,2058535197,남,5,15,4,2,1983.12.
다원애버니아 1동,아파트,2058524343,북,2,7,3,2,2004.02.
고덕그라시움 145동,아파트,2057733915,남동,저,15,3,2,2019.09.
삼익그린맨션2차 607동,아파트,2057640493,남,중,15,3,1,1983.12.
명일LG 101동,아파트,2057681736,남,중,23,2,1,1999.12.
현대1차 12동,아파트,2057732552,남,저,14,3,1,1984.11.
명일LG 101동,아파트,2058391966,동,6,23,2,1,1999.12.
주공저층2단지 210동,재건축,2058485955,남,2,5,3,1,1980.01.
하이브 1동,주상복합,2058391077,동,7,13,3,2,2006.11.
,,,,,,
래미안강동팰리스 103동,주상복합,2057760703,-,고,45,3,2,2017.07.
단독 천호공원 인근,단독/다가구,2060086685,동,12,5,-,5,1988.06.
전,토지/임야,2060075407
현대코랄 1동,아파트,2060122903,남,중,14,5,2,1999.04.
단독,단독/다가구,2060129975,-,9,6,-,-,
,,,,,,
고덕센트럴아이파크 513동,아파트,2060137375,남,고,28,3,2,2019.12.
빌딩,빌딩/건물,2060115481,1,1994.12.
노블레스트 1동,아파트,2060093356,-,저,7,3,2,2002.09.
상가주택,상가주택,2060106470,-,,,-,6,
선사현대 102동,아파트,2060135338,남,저,25,3,1,2000.06.
상가주택,상가주택,2060100008,-,,,-,-,2018.05.
다가구,단독/다가구,2060058093,-,15,,4,16,
빌라 블루빌(Blue vill),빌라/연립,2060064051,북동,5,5,3,1,7,8,2010.11.
복합상가,상가점포,2060058601,2,7,-,
단독,단독/다가구,2060054454,-,10,4,1,4,
고덕아르테온 318동,아파트,2059913115,남,중,15,3,2,2020.02.
,,,,,,
답,토지/임야,2060062576
단독,단독/다가구,2060037947,남,13,6,-,6,1991.01.
단독,단독/다가구,2060044310,남,9,6,-,5,1993.12.
다가구 천호공원 인근,단독/다가구,2059919698,남,12,6,-,6,1991.09.
삼익파크맨숀 512동,아파트,2060033702,동,고,12,3,1,1982.09.
성내삼성 103동,아파트,2059900694,남동,고,19,3,1,1999.09.
고덕센트럴아이파크 512동,아파트,2060032603,남동,중,28,4,2,2019.12.
빌라 성신주택,빌라/연립,2060035098,서,2,5,2,1,8,7,2006.03.
고덕래미안힐스테이트 123동,아파트,2059901266,남,고,15,3,2,2016.12.
단독 시온단독주택,단독/다가구,2060042054,남,15,7,2,7,1990.01.
고덕래미안힐스테이트 120동,아파트,2059897947,남,고,25,3,2,2016.12.
,,,,,,
고덕아르테온 320동,아파트,2059904560,남,고,25,4,2,2020.02.
세종 1동,오피스텔,2059896250,남,고,10,1,1,1997.08.
고덕아이파크 110동,아파트,2059878886,-,중,17,3,2,2011.12.
고덕래미안힐스테이트 207동,아파트,2059856500,동,고,33,3,1,2016.12.
,,,,,,
,,,,,,
,,,,,,
삼성광나루 102동,아파트,2059869604,동,저,28,2,2,2002.11.
천호역한강푸르지오시티 1동,오피스텔,2059869101,남,중,35,1,1,2015.07.
천호역한강푸르지오시티 1동,오피스텔,2059867825,북동,고,35,1,1,2015.07.
둔촌푸르지오 103동,아파트,2059848907,남동,중,23,3,2,2010.03.
"정산(102,103동) 102동",아파트,2059894372,남,중,12,3,2,2001.08.
고덕래미안힐스테이트 119동,아파트,2059866124,남서,저,29,4,2,2016.12.
고덕래미안힐스테이트 307동,아파트,2059842822,동,고,30,3,2,2016.12.
,,,,,,
고덕래미안힐스테이트 111동,아파트,2059830079,남서,저,29,3,2,2016.12.
고덕래미안힐스테이트 119동,아파트,2059893724,남,중,29,4,2,2016.12.
고덕아이파크 110동,아파트,2059860263,남,고,17,3,2,2011.12.
현대1차 12동,아파트,2059878239,남,중,14,3,1,1984.11.
고덕아이파크 107동,아파트,2059833258,남,고,20,4,2,2011.12.
고덕래미안힐스테이트 113동,아파트,2059889801,남서,중,35,3,2,2016.12.
쌍용플래티넘리버 101동,오피스텔,2059886049,동,중,14,1,1,2004.07.
강동롯데캐슬퍼스트 106동,아파트,2059807489,남,고,33,3,2,2008.09.
고덕센트럴푸르지오 A동,오피스텔,2059816547,-,고,7,1,1,2020.09.
래미안강동팰리스 101동,주상복합,2059808162,-,저,44,3,1,2017.07.
프라이어팰리스 122동,아파트,2059784579,남서,고,22,4,2,2007.07.
고덕래미안힐스테이트 123동,아파트,2059819652,남동,중,15,3,2,2016.12.
선사현대 110동,아파트,2059803495,남서,중,25,3,2,2000.06.
동아1차 1동,아파트,2059803040,동,중,16,2,1,1997.02.
고덕아이파크 114동,아파트,2059791496,남,고,12,3,2,2011.12.
고덕아이파크 103동,아파트,2059790488,남,중,20,3,2,2011.12.
고덕래미안힐스테이트 206동,아파트,2059804122,남동,중,29,3,2,2016.12.
배재현대 104동,아파트,2059785240,남,고,17,3,2,1995.11.
고덕센트럴푸르지오 103동,주상복합,2059812651,남동,중,35,3,2,2020.09.
동남2차 1동,아파트,2059804786,동,중,7,3,2,2002.08.
,,,,,,
,,,,,,
선사현대 116동,아파트,2059814313,-,중,21,4,2,2000.06.
고덕래미안힐스테이트 304동,아파트,2059786767,남동,중,18,3,2,2016.12.
올림픽파크힐 1동,아파트,2059806857,남,중,7,3,2,2005.06.
,,,,,,
프라이어팰리스 114동,아파트,2059787042,남서,중,25,4,2,2007.07.
고덕그라시움 119동,아파트,2059670137,남,고,27,3,2,2019.09.
래미안솔베뉴 104동,아파트,2059778894,남서,고,17,2,1,2019.06.
천호우성 5동,아파트,2059047649,남,저,13,3,1,1985.02.
강일리버파크7단지 710동,아파트,2056196267,남,14,14,3,2,2009.06.
빌라 지하우스,빌라/연립,2055927604,남,2,6,3,2,30,30,2017.05.
KNP 101동,주상복합,2059670122,남,중,7,3,2,2002.11.
고덕래미안힐스테이트 113동,아파트,2059688967,남동,중,35,3,2,2016.12.
,,,,,,
둔촌푸르지오 105동,아파트,2055509162,남,14,23,4,2,2010.03.
다성이즈빌(388-7) 1동,주상복합,2055926296,서,15,16,2,1,2015.07.
라이프 101동,아파트,2056247171,남,12,12,3,2,1993.03.
강일리슈빌에스 1동,오피스텔,2056180363,남,6,10,1,1,2016.10.
상가주택,상가주택,2058071644,-,,,-,7,
빌라 미르빌,빌라/연립,2055973290,남,5,5,3,2,8,8,2003.01.
강동역두산위브센티움 1동,오피스텔,2056229952,서,10,15,1,1,2004.05.
강일리버파크4단지 409동,아파트,2055944022,남,10,12,3,2,2009.03.
,,,,,,
,,,,,,
고덕롯데캐슬베네루체 716동,아파트,2059242298,남,중,16,3,2,2019.12.
강동롯데캐슬퍼스트 118동,아파트,2059248429,남,중,28,4,2,2008.09.
빌라,빌라/연립,2058586959,서,6,6,3,1,10,-,2019.01.
빌라,빌라/연립,2058578620,북,5,6,2,1,1,17,2017.01.
빌라,빌라/연립,2058586609,서,5,6,3,2,10,-,2019.01.
단독,단독/다가구,2058579315,남서,8,3,2,3,1979.06.
빌라,빌라/연립,2058586051,서,3,6,3,2,10,-,2019.01.
빌딩 이수빌딩,빌딩/건물,2058576143,-,1980.01.
상가주택,상가주택,2058580248,남,,,1,-,1985.03.
,,,,,,
상가주택,상가주택,2058580572,-,,,4,-,2002.02.
빌딩 천호동 신축부지,빌딩/건물,2058570109,-,
빌라 스위트빌,빌라/연립,2058599553,남동,1,3,2,1,4,6,2002.10.
빌라,빌라/연립,2058583479,-,2,8,3,2,-,-,
빌라 도담빌,빌라/연립,2058579983,-,5,5,,,5,7,2013.01.
빌라 삼성맨션 A동,빌라/연립,2058589623,-,4,5,3,2,6,8,2002.04.
빌라,빌라/연립,2058571410,서,3,6,3,2,14,14,2018.06.
빌라 마르세움,빌라/연립,2058581924,-,1,5,20,10,4,-,2012.09.
,,,,,,
빌라,빌라/연립,2058591412,서,3,6,3,2,10,-,2019.01.
다가구,단독/다가구,2058582231,-,,,-,-,
,,,,,,
길동예전이룸2차 1동,아파트,2058563277,남동,2,11,3,1,2004.12.
다성이즈빌(459-1) 1동,아파트,2058545078,남,4,12,3,1,2016.02.
,,,,,,
빌라,빌라/연립,2058547518,-,7,7,3,2,12,15,2019.08.
신호파크뷰 1동,아파트,2058516280,남서,10,13,4,2,1996.09.
빌라 현진아트빌,빌라/연립,2058549623,남,2,4,3,2,6,-,2002.01.
빌라 동일미주빌라5차 나동,빌라/연립,2058537527,서,4,4,2,1,5,-,1993.03.
단독,단독/다가구,2058532699,남,,,2,15,2019.12.
대,토지/임야,2058546118
다가구,단독/다가구,2058532495,-,,,4,-,2020.03.
빌딩 세종팰리스,빌딩/건물,2058549528,6,2012.12.
복합상가 주상복합상가,상가점포,2058521292,5,5,1,1999.03.
그랜드 1동,아파트,2058514732,남,6,7,3,2,2003.12.
빌라 청아맨션,빌라/연립,2058563181,-,4,4,3,2,14,-,1998.04.
빌라 옥영아트빌,빌라/연립,2058543038,-,2,4,1,1,4,-,2002.03.
빌딩,빌딩/건물,2058548999,-,
빌라 다세대주택,빌라/연립,2058516139,남서,3,3,3,1,-,6,
빌딩,빌딩/건물,2058547866,-,
빌딩,빌딩/건물,2058548994,-,
빌딩,빌딩/건물,2058548228,-,
상가건물,상가건물,2058488840,-,
빌라,빌라/연립,2058399717,동,6,6,3,2,63,-,2019.01.
빌라,빌라/연립,2058398574,동,2,6,3,1,63,-,2019.01.
빌라,빌라/연립,2058374969,-,-1,2,2,,-,-,
동아코아 1동,주상복합,2058373568,-,18,20,2,1,1997.12.
빌라,빌라/연립,2058399265,동,6,6,3,2,63,-,2019.01.
빌라,빌라/연립,2058425876,남서,6,6,3,2,1,15,2017.12.
상가주택,상가주택,2058477185,북서,5,3,-,7,1986.10.
빌라,빌라/연립,2058376161,-,4,6,3,2,1,-,2016.01.
빌라,빌라/연립,2058399973,동,4,6,3,1,63,-,2019.01.
상가건물,상가건물,2058503343,-,1976.11.
빌라 한강스타빌,빌라/연립,2058498153,-,3,5,3,1,-,-,
상가건물,상가건물,2058510657,3,1988.01.
상가건물,상가건물,2058374920,8,2012.04.
단지내상가 강동롯데캐슬상가,상가점포,2058392303,3,5,-,2008.08.
빌라,빌라/연립,2058384521,동,2,6,3,1,1,-,2015.01.
빌라 대영빌라,빌라/연립,2058393217,동,-1,2,2,1,-,6,1990.10.
빌딩,빌딩/건물,2058512343,2,1988.01.
,,,,,,
강일리버파크3단지 305동,아파트,2058390370,남,12,13,3,2,2009.03.
,,,,,,
다성이즈빌(387-2) 1동,오피스텔,2058373005,서,4,9,1,1,2019.06.
주공고층4단지 433동,재건축,2058260626,-,7,10,3,1,1980.12.
중앙하이츠 101동,아파트,2058140552,남,8,16,3,1,1998.12.
주공저층1단지 115동,재건축,2058300241,동,1,5,3,1,1980.01.
메트로아파텔 1동,오피스텔,2058314988,서,2,3,1,1,2004.09.
단독,단독/다가구,2057916820,-,,,-,-,1989.05.
주공저층2단지 212동,재건축,2058300616,동,4,5,3,1,1980.01.
상가주택,상가주택,2058230785,남,,,3,5,2018.04.
두산위브센티움 1동,주상복합,2058134420,동,4,8,1,1,2004.09.
주공저층1단지 108동,재건축,2058258422,남,2,5,3,1,1980.01.
고덕역갑을명가시티 1동,오피스텔,2058248874,남,3,15,1,1,2018.12.
다성이즈빌(387-2) 1동,오피스텔,2058320302,남,5,9,1,1,2019.06.
,,,,,,
주공저층1단지 106동,재건축,2058258826,남,3,5,3,1,1980.01.
두산위브센티움 1동,주상복합,2058134188,동,6,8,1,1,2004.09.
주공고층3단지 306동,재건축,2058301061,남,5,10,3,1,1980.12.
다성이즈빌(121-32) 1동,아파트,2058260328,-,7,7,2,1,2017.01.
,,,,,,
,,,,,,
강동역신동아파밀리에 1101동,주상복합,2057720367,-,중,41,4,2,2015.07.
빌라,빌라/연립,2057707473,남,2,3,3,1,1,6,
빌라,빌라/연립,2057483191,-,2,2,3,1,-,-,
고덕주공9단지 908동,아파트,2057503419,남,중,15,3,1,1985.11.
고덕그라시움 134동,아파트,2057684243,남서,저,27,3,2,2019.09.
,,,,,,
고덕그라시움 110동,아파트,2059902771,남동,고,27,3,2,2019.09.
고덕센트럴아이파크 506동,아파트,2059867839,남,저,29,3,2,2019.12.
복합상가 복합상가,상가점포,2059906121,-1,15,43,2006.07.
고덕자이 114동,아파트 분양권,2059864520,-,중,29,4,2,2021.02.
단독,단독/다가구,2059883360,남,,,-,-,1993.04.
대,토지/임야,2059908981
프라이어팰리스 111동,아파트,2059887897,남,저,25,3,2,2007.07.
고덕롯데캐슬베네루체 713동,아파트,2059871088,남서,고,29,3,2,2019.12.
강동롯데캐슬퍼스트 134동,아파트,2059894689,남,저,25,4,2,2008.09.
다가구,단독/다가구,2059872778,남,3,,6,9,
다성이즈빌(도시형) 1동,아파트,2059893905,-,저,9,1,1,2012.04.
강동역SK허브 1동,주상복합,2059880627,서,고,24,2,2,2006.12.
다가구 성일그린빌,단독/다가구,2059883395,남동,22,13,8,12,2013.09.
다가구,단독/다가구,2059874048,남,12,8,-,8,1992.03.
연립,빌라/연립,2059855686,동,2,3,3,1,1,6,
고덕그라시움 108동,아파트,2059666468,남동,고,22,3,2,2019.09.
프라이어팰리스 121동,아파트,2059655336,남동,고,22,3,2,2007.07.
동방 1동,아파트,2059659234,북서,중,9,3,2,1995.08.
상가주택,상가주택,2059815700,-,,,-,-,
고덕그라시움 110동,아파트,2059665955,남동,중,27,3,2,2019.09.
다가구 알짜 건물,단독/다가구,2059860405,남,3,2,6,19,2018.11.
상가주택,상가주택,2059816371,-,,,-,-,
한솔애리즈2차 202동,아파트,2059659586,남,중,7,4,2,2003.10.
베니 1동,아파트,2059833178,남,고,14,3,2,2019.10.
다가구,단독/다가구,2059690260,남,16,7,-,7,1994.01.
고덕아르테온 338동,아파트,2059656376,남,고,30,3,2,2020.02.
단독 올수리 단독주택,단독/다가구,2059860784,남,3,1,1,6,1990.03.
상가주택,상가주택,2059814761,-,,,-,-,
고덕역효성해링턴타워더퍼스트 1동,오피스텔 분양권,2059679373,남,고,20,1,1,2020.11.
상가주택,상가주택,2059854955,동,,,5,-,
고덕래미안힐스테이트 202동,아파트,2059797888,남,고,18,3,2,2016.12.
고덕그라시움 145동,아파트,2059665841,남동,저,15,3,2,2019.09.
코오롱1차 101동,아파트,2059657155,남,고,20,3,1,1999.05.
일반상가,상가점포,2059807859,1,12,23,2019.01.
